D,#R,#X,#Y,B4.mu,B4.lo,B4.sd,2B.mu,DEHB-6,DEHB-6_time,DEHB-12,DEHB-12_time,DEHB-18,DEHB-18_time,DEHB-24,DEHB-24_time,DEHB-50,DEHB-50_time,DEHB-100,DEHB-100_time,DEHB-200,DEHB-200_time,NSGAIII-6,NSGAIII-6_time,NSGAIII-12,NSGAIII-12_time,NSGAIII-18,NSGAIII-18_time,NSGAIII-24,NSGAIII-24_time,NSGAIII-50,NSGAIII-50_time,NSGAIII-100,NSGAIII-100_time,NSGAIII-200,NSGAIII-200_time,SMAC-6,SMAC-6_time,SMAC-12,SMAC-12_time,SMAC-18,SMAC-18_time,SMAC-24,SMAC-24_time,SMAC-50,SMAC-50_time,SMAC-100,SMAC-100_time,SMAC-200,SMAC-200_time,TPE-6,TPE-6_time,TPE-12,TPE-12_time,TPE-18,TPE-18_time,TPE-24,TPE-24_time,TPE-50,TPE-50_time,TPE-100,TPE-100_time,TPE-200,TPE-200_time,ACT-6,ACT-6_time,ACT-12,ACT-12_time,ACT-18,ACT-18_time,ACT-24,ACT-24_time,ACT-50,ACT-50_time,ACT-100,ACT-100_time,ACT-200,ACT-200_time,KM++-6,KM++-6_time,RAND-6,RAND-6_time,KM++-12,KM++-12_time,RAND-12,RAND-12_time,KM++-18,KM++-18_time,RAND-18,RAND-18_time,KM++-24,KM++-24_time,RAND-24,RAND-24_time,KM++-50,KM++-50_time,RAND-50,RAND-50_time,KM++-100,KM++-100_time,RAND-100,RAND-100_time,KM++-200,KM++-200_time,RAND-200,RAND-200_time,Before,File
95, 93, 22, 3, 54, 39, 5, 40, 56 f, 237.72, 52 e, 235.10, 46 b, 292.57, 42 b, 359.48, 45 b, 408.14, 64 g, 476.09, 39 a, 906.14, 57 f, 10.28, 49 d, 19.97, 41 a, 36.81, 41 a, 40.74, 39 a, 69.48, 43 b, 160.52, 39 a, 328.49, 52 e, 1916.93, 44 b, 3526.09, 43 b, 4942.39, 57 f, 8404.97, 53 e, 12836.33, 39 a, 18793.06, 39 a, 36955.11, 57 f, 33.31, 43 b, 75.58, 50 d, 92.57, 43 b, 217.82, 42 b, 626.07, 43 b, 1419.52, 43 b, 2497.13, 54 e, 12.81, 50 d, 32.31, 47 c, 45.35, 44 b, 60.08, 40 a, 108.92, 39 a, 146.77, 39 a, 151.04, 47 c, 1.93, 47 c, 0.02, 44 b, 2.41, 45 b, 0.04, 41 a, 2.44, 44 b, 0.07, 41 a, 3.59, 44 b, 0.09, 39 a, 11.23, 41 a, 0.15, 39 a, 36.63, 40 a, 0.28, 39 a, 132.15, 39 a, 0.58, 54 e, nasa93dem.csv
92, 192, 9, 1, 33, 0, 27, 3, 6 a, 837.34, 4 a, 1040.22, 3 a, 1223.18, 3 a, 1177.45, 2 a, 1288.17, 1 a, 1329.18, 0 a, 1463.08, 8 a, 7.52, 6 a, 13.51, 4 a, 18.72, 3 a, 30.45, 2 a, 68.72, 1 a, 120.05, 0 a, 241.51, 6 a, 501.13, 3 a, 1005.82, 2 a, 1830.66, 2 a, 2005.58, 0 a, 8412.46, 0 a, 26559.22, 0 a, 67437.60, 8 a, 48.01, 6 a, 91.51, 5 a, 132.55, 4 a, 181.29, 2 a, 364.25, 1 a, 923.06, 1 a, 1713.14, 6 a, 9.91, 2 a, 23.55, 1 a, 26.84, 0 a, 37.14, 0 a, 81.23, 0 a, 146.79, 0 a, 213.76, 9 a, 1.66, 8 a, 0.02, 5 a, 3.81, 5 a, 0.03, 3 a, 4.51, 4 a, 0.05, 2 a, 4.37, 2 a, 0.05, 1 a, 12.17, 2 a, 0.12, 0 a, 41.14, 1 a, 0.22, 0 a, 146.26, 0 a, 0.70, 33 b, Apache_AllMeasurements.csv
92, 206, 3, 2, 56, 0, 19, 4, 37 d, 124.56, 32 c, 149.36, 28 c, 157.55, 26 c, 185.49, 21 b, 281.56, 18 b, 338.77, 10 a, 390.77, 35 c, 5.49, 30 c, 11.78, 25 c, 18.78, 24 c, 19.67, 20 b, 37.98, 15 b, 98.23, 7 a, 172.52, 33 c, 1268.94, 26 c, 1924.02, 13 b, 3126.47, 13 b, 4916.42, 2 a, 9935.02, 0 a, 14630.41, 0 a, 27418.97, 35 c, 32.23, 28 c, 22.32, 23 b, 83.37, 21 b, 94.86, 16 b, 257.08, 9 a, 462.86, 4 a, 939.17, 27 c, 8.57, 13 b, 11.47, 6 a, 21.91, 5 a, 30.02, 5 a, 55.64, 2 a, 109.15, 0 a, 172.37, 32 c, 1.34, 33 c, 0.02, 22 b, 3.43, 20 b, 0.07, 21 b, 4.35, 18 b, 0.05, 15 b, 4.79, 15 b, 0.08, 12 b, 13.76, 12 b, 0.13, 8 a, 41.33, 8 a, 0.27, 0 a, 146.34, 3 a, 0.53, 56 e, SS-B.csv
92, 196, 3, 2, 56, 35, 10, 37, 45 b, 117.45, 41 b, 147.20, 40 b, 177.53, 40 a, 196.77, 37 a, 237.92, 36 a, 317.23, 35 a, 515.59, 46 c, 6.13, 42 b, 10.16, 40 b, 12.37, 40 a, 19.68, 37 a, 36.36, 36 a, 71.16, 35 a, 163.63, 44 b, 1546.35, 43 b, 2401.82, 41 b, 3568.46, 39 a, 7068.95, 36 a, 10181.38, 35 a, 14914.95, 35 a, 34621.19, 46 c, 26.02, 41 b, 34.77, 39 a, 62.11, 38 a, 63.11, 36 a, 151.77, 35 a, 401.09, 35 a, 615.17, 46 c, 9.80, 44 b, 10.28, 44 b, 26.36, 43 b, 26.05, 41 b, 52.98, 35 a, 94.69, 35 a, 138.00, 45 b, 1.31, 44 b, 0.02, 43 b, 3.44, 41 b, 0.04, 41 b, 3.92, 41 b, 0.05, 41 b, 4.27, 39 a, 0.08, 38 a, 11.49, 38 a, 0.13, 37 a, 40.55, 36 a, 0.27, 35 a, 143.52, 35 a, 0.50, 56 d, SS-F.csv
87, 81, 26, 1, 38, 0, 20, 5, 19 b, 216.31, 11 a, 278.41, 10 a, 305.26, 8 a, 357.61, 2 a, 454.37, 2 a, 723.43, 1 a, 904.76, 17 b, 21.13, 14 b, 55.03, 11 a, 85.22, 11 a, 109.89, 4 a, 199.30, 1 a, 548.47, 0 a, 879.37, 20 b, 2001.08, 14 b, 3983.10, 10 a, 5472.79, 7 a, 8117.26, 3 a, 13987.05, 2 a, 20297.69, 1 a, 41996.96, 17 b, 43.09, 14 b, 87.35, 9 a, 210.28, 8 a, 278.08, 3 a, 761.65, 2 a, 1552.25, 0 a, 4771.70, 14 b, 16.98, 11 a, 44.77, 9 a, 81.14, 8 a, 101.22, 1 a, 183.41, 0 a, 208.51, 0 a, 206.85, 11 a, 3.54, 15 b, 0.02, 9 a, 3.60, 9 a, 0.08, 7 a, 2.35, 7 a, 0.05, 6 a, 3.32, 5 a, 0.07, 3 a, 11.25, 3 a, 0.12, 2 a, 37.76, 3 a, 0.24, 2 a, 133.27, 1 a, 0.43, 38 c, player_statistics_cleaned_final.csv
90, 196, 3, 2, 57, 33, 10, 36, 45 c, 118.39, 41 b, 168.72, 41 b, 160.90, 40 b, 197.10, 37 a, 253.88, 36 a, 281.52, 34 a, 378.03, 46 c, 5.64, 42 b, 9.60, 40 b, 15.75, 39 a, 16.29, 37 a, 36.45, 35 a, 76.61, 34 a, 165.02, 44 b, 1551.80, 41 b, 2984.75, 40 b, 5436.76, 38 a, 6553.14, 35 a, 9490.60, 33 a, 16107.72, 33 a, 33974.19, 46 c, 20.95, 42 b, 32.17, 39 a, 82.87, 38 a, 93.39, 36 a, 183.17, 34 a, 381.72, 34 a, 747.64, 45 c, 11.15, 43 b, 14.89, 43 b, 22.03, 43 b, 31.37, 40 b, 53.72, 35 a, 109.57, 33 a, 158.37, 44 b, 1.30, 44 b, 0.02, 42 b, 3.05, 41 b, 0.04, 41 b, 4.16, 40 b, 0.05, 40 b, 4.80, 39 a, 0.08, 38 a, 14.78, 37 a, 0.14, 36 a, 43.32, 35 a, 0.26, 33 a, 142.32, 34 a, 0.52, 57 d, SS-G.csv
84, 223, 10, 3, 62, 30, 12, 35, 46 c, 934.97, 43 b, 1079.67, 42 b, 1182.37, 41 b, 1186.58, 39 b, 1233.89, 36 a, 1318.85, 34 a, 1542.32, 47 c, 21.40, 41 b, 50.55, 39 a, 78.45, 38 a, 109.92, 35 a, 193.05, 34 a, 482.22, 33 a, 1017.08, 46 c, 565.54, 42 b, 1224.04, 42 b, 1473.70, 41 b, 2495.08, 38 a, 3527.52, 36 a, 10361.31, 34 a, 30188.50, 47 c, 27.86, 41 b, 78.81, 39 a, 168.77, 39 a, 237.77, 36 a, 520.57, 33 a, 1179.45, 33 a, 2897.61, 48 c, 12.85, 42 b, 32.70, 41 b, 50.96, 40 b, 62.00, 33 a, 131.85, 30 a, 271.07, 30 a, 464.45, 47 c, 2.92, 48 c, 0.02, 45 b, 7.38, 46 c, 0.07, 41 b, 8.12, 41 b, 0.06, 41 b, 6.29, 42 b, 0.09, 37 a, 13.43, 38 a, 0.13, 35 a, 41.93, 37 a, 0.29, 31 a, 150.32, 33 a, 0.57, 62 d, A2C_Acrobot.csv
96, 196, 3, 1, 27, 0, 20, 1, 4 a, 155.68, 2 a, 130.14, 1 a, 178.81, 1 a, 186.68, 0 a, 230.64, 0 a, 343.48, 0 a, 415.50, 3 a, 6.09, 1 a, 10.88, 1 a, 16.41, 0 a, 19.46, 0 a, 44.44, 0 a, 83.89, 0 a, 168.48, 8 b, 1755.38, 2 a, 2956.40, 0 a, 3871.52, 0 a, 4699.95, 0 a, 6846.52, 0 a, 14425.45, 0 a, 30259.97, 3 a, 27.02, 1 a, 37.82, 0 a, 73.89, 0 a, 83.80, 0 a, 206.49, 0 a, 449.86, 0 a, 758.71, 10 b, 11.61, 1 a, 15.82, 1 a, 24.80, 1 a, 28.97, 0 a, 55.66, 0 a, 118.90, 0 a, 163.22, 8 b, 1.27, 6 a, 0.02, 3 a, 3.48, 2 a, 0.04, 1 a, 3.95, 1 a, 0.05, 1 a, 4.79, 1 a, 0.07, 0 a, 13.74, 0 a, 0.11, 0 a, 40.08, 0 a, 0.22, 0 a, 144.91, 0 a, 0.47, 27 c, wc+rs-3d-c4-obj1.csv
90, 196, 3, 2, 55, 32, 10, 34, 43 b, 152.36, 39 b, 161.06, 37 a, 160.04, 36 a, 196.97, 34 a, 233.41, 33 a, 264.10, 32 a, 364.00, 44 c, 6.11, 40 b, 9.58, 38 b, 12.68, 36 a, 16.12, 35 a, 36.83, 33 a, 73.51, 32 a, 168.03, 41 b, 1804.09, 40 b, 2290.65, 38 b, 3086.39, 35 a, 5050.35, 33 a, 9685.41, 32 a, 17336.33, 32 a, 45025.94, 44 c, 19.02, 40 b, 18.04, 38 b, 49.53, 37 a, 119.70, 35 a, 164.95, 34 a, 398.44, 34 a, 868.39, 45 c, 7.91, 40 b, 15.97, 39 b, 16.62, 36 a, 27.92, 33 a, 48.42, 32 a, 114.31, 32 a, 159.88, 40 b, 1.32, 41 b, 0.02, 40 b, 3.34, 39 b, 0.04, 36 a, 4.32, 39 b, 0.05, 36 a, 4.61, 36 a, 0.07, 32 a, 12.01, 35 a, 0.14, 32 a, 43.78, 33 a, 0.26, 32 a, 148.81, 32 a, 0.51, 55 d, SS-D.csv
95, 259, 4, 2, 71, 23, 18, 25, 48 c, 128.27, 42 b, 157.50, 38 b, 186.96, 36 b, 191.72, 29 a, 213.83, 25 a, 327.85, 23 a, 517.02, 46 c, 6.58, 41 b, 12.42, 36 b, 16.68, 35 b, 22.72, 30 a, 53.78, 26 a, 99.23, 23 a, 153.22, 46 c, 1372.91, 33 b, 3160.70, 26 a, 4673.76, 23 a, 6253.33, 23 a, 9489.78, 23 a, 14443.21, 23 a, 42983.93, 46 c, 21.97, 39 b, 18.44, 33 b, 69.50, 33 b, 88.89, 27 a, 234.39, 25 a, 502.10, 23 a, 777.92, 40 b, 10.75, 27 a, 22.41, 25 a, 26.30, 24 a, 29.54, 24 a, 69.24, 24 a, 132.39, 23 a, 212.31, 44 b, 1.61, 45 c, 0.02, 40 b, 5.49, 39 b, 0.04, 36 b, 6.27, 39 b, 0.05, 31 a, 6.00, 36 b, 0.07, 29 a, 15.53, 30 a, 0.13, 25 a, 46.14, 25 a, 0.26, 23 a, 168.02, 23 a, 0.50, 71 d, SS-H.csv
93, 247, 22, 2, 84, 46, 10, 49, 86 f, 220.53, 82 f, 264.00, 90 g, 281.71, 61 c, 306.09, 95 g, 404.16, 91 g, 622.59, 95 g, 855.04, 72 d, 21.32, 68 d, 47.95, 68 d, 72.35, 50 a, 99.31, 50 a, 191.49, 56 b, 513.43, 47 a, 864.46, 70 d, 5829.32, 74 e, 1666.76, 73 e, 1929.88, 66 c, 2192.47, 60 c, 3417.32, 59 b, 4780.44, 51 a, 6300.97, 76 e, 49.00, 53 b, 95.47, 66 c, 168.04, 59 b, 344.47, 48 a, 1037.40, 47 a, 1673.33, 71 d, 5985.20, 79 f, 14.73, 76 e, 30.90, 69 d, 59.38, 62 c, 68.34, 51 a, 140.62, 47 a, 338.97, 46 a, 528.64, 71 d, 3.24, 74 e, 0.02, 68 d, 9.10, 71 d, 0.04, 68 d, 10.25, 65 c, 0.05, 65 c, 8.42, 60 b, 0.08, 63 c, 16.46, 58 b, 0.19, 56 b, 39.91, 54 b, 0.42, 48 a, 149.61, 49 a, 0.85, 84 f, wallpaper.csv
90, 398, 4, 3, 56, 17, 16, 21, 41 c, 450.69, 38 c, 1146.99, 36 b, 1186.99, 35 b, 1100.04, 31 b, 983.76, 29 b, 1273.66, 19 a, 1461.49, 37 c, 8.40, 34 b, 14.79, 32 b, 23.58, 31 b, 30.67, 27 b, 60.83, 22 a, 131.63, 17 a, 280.73, 35 b, 403.14, 31 b, 726.05, 30 b, 858.34, 25 a, 1315.91, 22 a, 2208.03, 19 a, 5840.61, 19 a, 22159.75, 37 c, 34.35, 35 b, 61.25, 30 b, 96.33, 26 b, 127.67, 23 a, 282.54, 21 a, 497.93, 19 a, 938.06, 37 c, 9.20, 24 a, 13.08, 22 a, 23.03, 21 a, 34.31, 18 a, 63.89, 17 a, 105.24, 17 a, 239.37, 37 c, 1.70, 37 c, 0.03, 29 b, 5.58, 32 b, 0.05, 29 b, 9.56, 29 b, 0.06, 27 b, 11.47, 29 b, 0.07, 23 a, 18.92, 25 a, 0.14, 20 a, 52.19, 21 a, 0.29, 18 a, 179.80, 18 a, 0.56, 56 d, auto93.csv
83, 500, 9, 3, 33, 4, 15, 9, 17 b, 185.66, 12 a, 222.09, 10 a, 221.57, 9 a, 268.27, 7 a, 339.48, 6 a, 416.16, 6 a, 719.98, 14 a, 91.51, 12 a, 184.34, 9 a, 233.89, 9 a, 303.51, 7 a, 719.19, 6 a, 1839.74, 5 a, 3116.76, 18 b, 1482.91, 13 a, 3759.83, 11 a, 4403.34, 10 a, 6294.41, 9 a, 12356.67, 7 a, 17052.45, 6 a, 24140.15, 14 a, 70.73, 11 a, 114.47, 11 a, 232.67, 10 a, 306.99, 8 a, 724.19, 7 a, 2182.62, 5 a, 3747.01, 16 b, 11.81, 14 b, 25.80, 10 a, 34.39, 10 a, 62.44, 8 a, 118.56, 6 a, 247.56, 6 a, 413.06, 14 b, 3.24, 13 a, 0.03, 11 a, 11.49, 11 a, 0.06, 11 a, 20.24, 9 a, 0.08, 8 a, 24.77, 9 a, 0.08, 8 a, 42.70, 8 a, 0.16, 6 a, 57.70, 7 a, 0.32, 6 a, 171.80, 6 a, 0.60, 33 c, pom3d.csv
88, 350, 20, 1, 36, 0, 20, 4, 18 b, 353.25, 13 b, 230.85, 10 a, 376.11, 9 a, 414.89, 3 a, 572.72, 2 a, 610.50, 0 a, 1029.85, 22 c, 12.19, 13 b, 19.13, 9 a, 36.77, 7 a, 47.67, 2 a, 102.13, 0 a, 188.40, 0 a, 372.82, 19 b, 1565.96, 6 a, 2991.66, 5 a, 4996.86, 4 a, 5826.33, 1 a, 11229.81, 0 a, 16574.52, 0 a, 22596.39, 22 c, 42.36, 12 b, 40.59, 7 a, 87.85, 4 a, 97.79, 2 a, 175.84, 1 a, 418.41, 0 a, 624.78, 13 b, 20.04, 10 a, 46.70, 9 a, 77.21, 7 a, 114.66, 5 a, 245.26, 5 a, 400.10, 1 a, 816.79, 11 a, 5.85, 16 b, 0.02, 9 a, 17.88, 10 a, 0.03, 6 a, 25.76, 8 a, 0.05, 5 a, 22.53, 7 a, 0.05, 3 a, 29.08, 4 a, 0.12, 1 a, 49.32, 1 a, 0.23, 0 a, 168.84, 0 a, 0.43, 36 d, socks.csv
88, 756, 3, 2, 41, 12, 15, 16, 25 b, 126.54, 22 b, 160.96, 19 a, 161.92, 18 a, 210.64, 16 a, 256.50, 14 a, 326.45, 13 a, 416.32, 27 b, 6.73, 23 b, 11.98, 20 a, 19.21, 20 a, 19.88, 17 a, 46.50, 15 a, 77.79, 13 a, 193.50, 25 b, 1424.78, 24 b, 2672.78, 22 b, 6928.02, 18 a, 5052.26, 14 a, 9857.44, 13 a, 13599.88, 12 a, 30804.63, 27 b, 32.63, 23 b, 38.80, 18 a, 56.25, 17 a, 59.13, 14 a, 172.18, 13 a, 363.57, 12 a, 623.97, 32 c, 10.01, 26 b, 13.25, 25 b, 21.56, 23 b, 30.76, 20 a, 54.67, 16 a, 110.37, 13 a, 198.81, 26 b, 1.67, 25 b, 0.02, 21 b, 6.69, 23 b, 0.04, 19 a, 13.04, 22 b, 0.06, 20 a, 18.46, 23 b, 0.13, 16 a, 51.42, 17 a, 0.13, 14 a, 85.98, 15 a, 0.26, 13 a, 227.18, 13 a, 1.24, 41 d, SS-E.csv
94, 1023, 11, 2, 63, 16, 17, 18, 35 c, 169.46, 31 b, 143.47, 26 b, 154.02, 24 a, 245.99, 18 a, 306.87, 17 a, 433.47, 16 a, 651.70, 35 b, 8.73, 30 b, 16.64, 27 b, 32.91, 22 a, 34.72, 19 a, 70.33, 17 a, 117.80, 16 a, 271.62, 31 b, 2931.86, 27 b, 5473.16, 20 a, 6892.52, 18 a, 6492.03, 16 a, 9722.30, 16 a, 18174.54, 16 a, 38866.88, 35 b, 14.20, 27 b, 45.16, 27 b, 84.81, 25 b, 142.79, 21 a, 405.99, 18 a, 1077.97, 17 a, 2413.69, 38 c, 11.40, 28 b, 18.50, 20 a, 34.42, 19 a, 40.22, 16 a, 79.14, 16 a, 148.52, 16 a, 356.76, 44 d, 2.52, 36 c, 0.03, 29 b, 9.86, 27 b, 0.04, 23 a, 20.50, 27 b, 0.06, 21 a, 29.39, 22 a, 0.08, 19 a, 85.86, 19 a, 0.14, 17 a, 145.20, 17 a, 0.27, 17 a, 256.65, 17 a, 0.59, 63 e, SS-P.csv
98, 864, 18, 1, 28, 0, 38, 0, 1 a, 190.83, 1 a, 264.98, 0 a, 266.54, 0 a, 292.60, 0 a, 414.44, 0 a, 609.13, 0 a, 915.98, 1 a, 9.23, 1 a, 22.62, 0 a, 30.17, 0 a, 49.66, 0 a, 94.65, 0 a, 174.89, 0 a, 316.49, 2 a, 2381.12, 0 a, 3985.20, 1 a, 4828.40, 0 a, 6093.08, 0 a, 13238.69, 0 a, 15952.09, 0 a, 21099.51, 1 a, 30.46, 0 a, 56.71, 0 a, 121.19, 0 a, 241.86, 0 a, 519.48, 0 a, 1125.33, 0 a, 2725.36, 1 a, 13.78, 0 a, 35.27, 0 a, 43.14, 0 a, 52.32, 0 a, 140.25, 0 a, 256.69, 0 a, 437.13, 2 a, 3.22, 2 a, 0.02, 1 a, 12.14, 1 a, 0.03, 1 a, 23.27, 0 a, 0.04, 0 a, 36.46, 0 a, 0.07, 0 a, 94.24, 0 a, 0.16, 0 a, 133.68, 0 a, 0.25, 0 a, 239.14, 0 a, 0.47, 28 b, HSQLDB.csv
97, 864, 17, 3, 31, 0, 35, 1, 3 a, 219.98, 1 a, 230.85, 1 a, 253.84, 1 a, 298.35, 0 a, 420.76, 0 a, 569.19, 0 a, 728.76, 3 a, 11.88, 1 a, 18.73, 1 a, 30.90, 1 a, 45.46, 0 a, 71.07, 0 a, 128.84, 0 a, 254.85, 4 a, 2506.99, 2 a, 5631.69, 1 a, 6485.30, 0 a, 8274.64, 0 a, 9898.42, 0 a, 11639.35, 0 a, 16731.64, 3 a, 36.03, 1 a, 76.30, 1 a, 139.47, 0 a, 260.64, 0 a, 723.50, 0 a, 1056.88, 0 a, 2476.96, 2 a, 16.31, 1 a, 27.72, 1 a, 40.70, 0 a, 67.48, 0 a, 127.36, 0 a, 260.25, 0 a, 503.16, 3 a, 3.10, 4 a, 0.03, 2 a, 11.95, 3 a, 0.05, 2 a, 23.73, 1 a, 0.06, 1 a, 36.26, 1 a, 0.08, 0 a, 89.89, 0 a, 0.15, 0 a, 139.84, 0 a, 0.39, 0 a, 239.06, 0 a, 0.59, 31 b, SS-M.csv
82, 1343, 3, 2, 25, 0, 19, 5, 10 a, 131.60, 7 a, 157.49, 6 a, 239.56, 5 a, 211.95, 4 a, 328.99, 3 a, 328.72, 2 a, 450.03, 10 a, 6.80, 8 a, 11.45, 7 a, 17.75, 6 a, 21.91, 4 a, 46.38, 3 a, 95.91, 1 a, 210.65, 11 b, 1940.92, 6 a, 2356.57, 4 a, 4618.44, 2 a, 5536.62, 1 a, 10179.12, 0 a, 14512.30, 0 a, 26197.42, 10 a, 8.74, 8 a, 53.69, 6 a, 59.65, 6 a, 74.25, 4 a, 208.91, 2 a, 362.65, 1 a, 717.02, 9 a, 10.87, 5 a, 17.50, 3 a, 22.77, 3 a, 35.20, 1 a, 63.19, 1 a, 120.29, 0 a, 230.33, 10 a, 1.75, 11 a, 0.02, 6 a, 6.98, 6 a, 0.04, 5 a, 15.09, 6 a, 0.06, 5 a, 23.82, 5 a, 0.07, 4 a, 77.73, 4 a, 0.15, 3 a, 165.48, 3 a, 0.26, 2 a, 329.34, 2 a, 0.57, 25 c, SS-A.csv
91, 1024, 10, 1, 53, 0, 25, 5, 15 b, 148.82, 12 a, 192.40, 8 a, 221.53, 6 a, 245.43, 4 a, 319.78, 2 a, 424.57, 0 a, 646.05, 26 c, 9.42, 17 b, 16.95, 10 a, 22.88, 8 a, 37.33, 4 a, 62.43, 3 a, 136.64, 1 a, 277.02, 25 c, 2034.23, 14 b, 3302.69, 11 a, 4303.71, 5 a, 8066.65, 2 a, 13113.00, 1 a, 21127.29, 0 a, 39099.70, 26 c, 14.72, 14 b, 42.05, 12 a, 89.25, 12 a, 167.43, 6 a, 337.93, 3 a, 698.99, 2 a, 1775.72, 14 b, 11.08, 5 a, 23.45, 3 a, 28.02, 2 a, 35.45, 0 a, 83.90, 0 a, 158.93, 0 a, 272.55, 19 b, 2.16, 25 c, 0.02, 14 b, 9.00, 13 b, 0.04, 8 a, 19.28, 10 a, 0.05, 8 a, 28.15, 9 a, 0.06, 3 a, 87.90, 3 a, 0.13, 2 a, 144.20, 2 a, 0.24, 1 a, 254.80, 2 a, 0.49, 53 d, LLVM.csv
82, 972, 11, 2, 39, 12, 13, 17, 27 b, 173.70, 25 b, 184.69, 23 b, 239.48, 23 b, 224.31, 20 a, 356.57, 19 a, 462.01, 16 a, 700.23, 27 b, 7.54, 26 b, 19.13, 24 b, 25.13, 23 b, 29.14, 20 a, 72.43, 18 a, 132.64, 16 a, 216.43, 27 b, 4011.91, 26 b, 4238.77, 22 b, 5208.87, 21 a, 7049.37, 18 a, 10110.11, 16 a, 15913.41, 14 a, 31469.70, 27 b, 22.11, 25 b, 52.03, 23 b, 86.86, 23 b, 118.75, 20 a, 384.86, 17 a, 788.82, 17 a, 2049.15, 24 b, 14.05, 20 a, 28.89, 19 a, 35.53, 17 a, 49.80, 14 a, 103.85, 13 a, 213.94, 13 a, 416.24, 25 b, 2.97, 27 b, 0.03, 22 b, 11.53, 22 b, 0.04, 20 a, 23.21, 20 a, 0.06, 18 a, 34.10, 19 a, 0.07, 16 a, 98.02, 17 a, 0.14, 14 a, 148.79, 15 a, 0.25, 13 a, 257.45, 14 a, 0.59, 39 c, SS-O.csv
95, 1023, 11, 2, 63, 16, 17, 18, 35 c, 135.01, 31 b, 181.67, 26 b, 196.33, 24 b, 257.26, 18 a, 335.28, 17 a, 478.96, 16 a, 753.74, 35 c, 8.17, 30 b, 17.71, 27 b, 30.07, 22 a, 30.04, 19 a, 57.19, 17 a, 101.64, 16 a, 286.56, 31 b, 1880.86, 27 b, 5597.73, 20 a, 5977.29, 18 a, 6235.13, 16 a, 11111.12, 16 a, 18188.54, 16 a, 25584.04, 35 c, 34.95, 27 b, 51.06, 27 b, 84.05, 25 b, 166.59, 21 a, 450.33, 18 a, 779.72, 17 a, 1955.77, 35 c, 13.86, 27 b, 27.51, 20 a, 50.51, 19 a, 70.87, 17 a, 139.02, 16 a, 241.05, 16 a, 487.78, 43 d, 4.04, 36 c, 0.03, 34 c, 15.07, 27 b, 0.04, 23 a, 33.48, 27 b, 0.06, 24 b, 48.27, 22 a, 0.07, 18 a, 137.99, 19 a, 0.14, 17 a, 206.53, 17 a, 0.26, 16 a, 274.32, 17 a, 0.57, 63 e, SS-L.csv
96, 1152, 16, 1, 38, 0, 28, 2, 4 a, 207.55, 2 a, 229.72, 1 a, 275.17, 1 a, 314.41, 0 a, 294.99, 0 a, 587.75, 0 a, 834.42, 4 a, 13.13, 3 a, 18.32, 2 a, 23.46, 1 a, 45.74, 1 a, 70.37, 0 a, 149.21, 0 a, 300.27, 4 a, 2356.53, 3 a, 3475.60, 2 a, 4809.42, 1 a, 4755.55, 0 a, 7400.98, 0 a, 10673.33, 0 a, 19047.47, 4 a, 12.51, 2 a, 40.91, 2 a, 121.65, 2 a, 134.19, 1 a, 452.14, 0 a, 1041.49, 0 a, 2035.48, 4 a, 13.68, 1 a, 28.33, 0 a, 43.15, 0 a, 50.88, 0 a, 118.26, 0 a, 236.68, 0 a, 399.48, 5 a, 2.92, 5 a, 0.02, 3 a, 10.49, 2 a, 0.04, 2 a, 25.36, 2 a, 0.06, 1 a, 39.32, 1 a, 0.06, 1 a, 116.81, 1 a, 0.13, 0 a, 210.32, 0 a, 0.24, 0 a, 329.73, 0 a, 0.49, 38 b, X264_AllMeasurements.csv
80, 1000, 20, 5, 46, 13, 11, 20, 32 c, 1114.75, 28 b, 1249.08, 25 b, 1272.53, 23 a, 1281.13, 21 a, 1373.56, 20 a, 1575.07, 18 a, 1287.35, 34 c, 15.28, 28 b, 26.85, 26 b, 33.91, 24 b, 48.30, 21 a, 98.48, 19 a, 241.14, 18 a, 346.51, 29 b, 868.26, 25 b, 1510.83, 23 a, 2270.98, 22 a, 3110.71, 21 a, 6155.76, 19 a, 22938.94, 17 a, 41452.48, 34 c, 43.22, 29 b, 84.78, 26 b, 174.04, 25 b, 256.51, 21 a, 577.59, 20 a, 1706.27, 18 a, 3126.04, 38 d, 18.50, 31 c, 54.52, 23 a, 75.33, 21 a, 106.29, 19 a, 211.43, 18 a, 496.21, 16 a, 855.68, 31 c, 6.71, 32 c, 0.04, 26 b, 26.78, 23 a, 0.06, 25 b, 55.05, 25 b, 0.09, 21 a, 82.67, 21 a, 0.10, 21 a, 220.86, 20 a, 0.22, 18 a, 308.46, 18 a, 0.40, 17 a, 297.04, 17 a, 0.82, 46 e, coc1000.csv
78, 1599, 10, 2, 42, 15, 9, 21, 34 c, 161.82, 32 c, 160.42, 28 b, 212.63, 28 b, 249.76, 26 b, 311.48, 25 b, 399.54, 24 a, 622.61, 34 c, 29.18, 29 b, 64.69, 28 b, 97.36, 28 b, 122.43, 27 b, 340.16, 25 b, 553.90, 22 a, 1173.35, 35 c, 2404.36, 30 b, 4158.52, 29 b, 4691.76, 27 b, 5417.72, 26 b, 6832.91, 25 b, 12368.89, 23 a, 24177.99, 34 c, 43.63, 31 c, 57.38, 29 b, 148.77, 29 b, 221.79, 27 b, 444.31, 25 b, 966.43, 22 a, 2307.08, 31 c, 15.40, 29 b, 27.98, 28 b, 42.55, 28 b, 56.55, 25 b, 145.09, 22 a, 238.61, 20 a, 534.63, 31 c, 3.83, 31 c, 0.03, 30 b, 15.42, 29 b, 0.04, 28 b, 33.64, 29 b, 0.06, 28 b, 52.05, 26 b, 0.08, 25 b, 170.30, 23 a, 0.14, 19 a, 362.87, 22 a, 0.31, 18 a, 537.94, 20 a, 0.59, 42 d, Wine_quality.csv
100, 1557, 12, 1, 18, 0, 25, 0, 1 a, 181.71, 0 a, 256.37, 0 a, 240.67, 0 a, 261.42, 0 a, 441.95, 0 a, 530.24, 0 a, 803.68, 0 a, 9.53, 0 a, 18.51, 0 a, 30.10, 0 a, 32.36, 0 a, 66.99, 0 a, 156.74, 0 a, 302.07, 0 a, 2894.40, 0 a, 3812.32, 0 a, 4686.11, 0 a, 5674.27, 0 a, 8605.19, 0 a, 14639.01, 0 a, 28891.55, 0 a, 35.11, 0 a, 81.11, 0 a, 145.21, 0 a, 190.63, 0 a, 363.54, 0 a, 980.84, 0 a, 2435.78, 0 a, 15.52, 0 a, 31.97, 0 a, 46.36, 0 a, 56.91, 0 a, 140.02, 0 a, 281.71, 0 a, 473.98, 1 a, 4.46, 1 a, 0.03, 0 a, 17.90, 0 a, 0.04, 0 a, 35.82, 0 a, 0.06, 0 a, 55.78, 0 a, 0.07, 0 a, 188.87, 0 a, 0.12, 0 a, 402.47, 0 a, 0.30, 0 a, 526.20, 0 a, 0.52, 18 b, storm.csv
89, 2880, 6, 2, 52, 1, 16, 7, 35 d, 143.03, 26 c, 181.12, 21 b, 220.36, 19 b, 192.52, 13 b, 233.82, 11 a, 385.54, 6 a, 505.48, 27 c, 6.70, 21 b, 14.20, 18 b, 22.39, 17 b, 23.73, 11 a, 42.66, 9 a, 102.38, 5 a, 185.22, 27 c, 1524.11, 20 b, 2952.78, 15 b, 4660.28, 13 b, 5566.30, 7 a, 9139.97, 3 a, 13333.36, 2 a, 26021.38, 27 c, 18.48, 21 b, 48.73, 16 b, 59.92, 15 b, 132.52, 8 a, 291.08, 6 a, 673.79, 5 a, 1549.37, 32 d, 13.95, 20 b, 21.17, 15 b, 31.55, 12 a, 47.43, 8 a, 91.98, 7 a, 179.17, 4 a, 357.08, 26 c, 2.86, 32 d, 0.03, 23 c, 11.64, 25 c, 0.04, 18 b, 26.38, 18 b, 0.06, 16 b, 42.74, 13 b, 0.10, 9 a, 164.83, 12 a, 0.14, 6 a, 457.90, 7 a, 0.31, 5 a, 938.29, 5 a, 2.43, 52 e, SS-K.csv
95, 2880, 6, 1, 29, 0, 21, 2, 7 a, 156.76, 2 a, 159.92, 2 a, 159.30, 2 a, 216.59, 1 a, 254.02, 0 a, 324.02, 0 a, 538.52, 4 a, 6.31, 2 a, 10.70, 2 a, 19.89, 1 a, 28.15, 0 a, 42.58, 0 a, 85.29, 0 a, 195.85, 9 a, 2249.12, 3 a, 3302.98, 0 a, 4281.29, 0 a, 4998.33, 0 a, 6891.01, 0 a, 10381.39, 0 a, 26890.66, 4 a, 29.73, 3 a, 29.52, 1 a, 69.64, 1 a, 121.26, 0 a, 225.77, 0 a, 723.21, 0 a, 1015.98, 7 a, 12.89, 3 a, 19.94, 2 a, 32.83, 1 a, 39.33, 0 a, 93.00, 0 a, 151.87, 0 a, 381.97, 5 a, 2.80, 6 a, 0.03, 1 a, 11.64, 2 a, 0.04, 1 a, 25.95, 1 a, 0.06, 0 a, 41.44, 1 a, 0.07, 0 a, 157.80, 0 a, 0.14, 0 a, 454.22, 0 a, 0.27, 0 a, 917.53, 0 a, 0.54, 29 b, wc-6d-c1-obj1.csv
93, 2866, 6, 1, 23, 0, 20, 2, 3 a, 272.92, 2 a, 240.06, 2 a, 325.95, 2 a, 366.87, 1 a, 340.51, 1 a, 518.22, 1 a, 702.65, 3 a, 7.70, 2 a, 11.24, 2 a, 21.45, 2 a, 31.20, 2 a, 42.83, 1 a, 111.39, 1 a, 251.34, 4 a, 1186.64, 2 a, 2869.37, 2 a, 4177.18, 1 a, 7690.67, 1 a, 11436.21, 1 a, 14812.70, 1 a, 27404.95, 3 a, 24.88, 2 a, 33.12, 2 a, 83.50, 2 a, 100.07, 1 a, 314.22, 1 a, 635.10, 1 a, 1469.18, 3 a, 12.43, 1 a, 23.96, 1 a, 36.96, 1 a, 44.64, 1 a, 96.58, 1 a, 180.71, 1 a, 360.91, 3 a, 2.62, 3 a, 0.02, 2 a, 11.72, 2 a, 0.04, 1 a, 26.23, 2 a, 0.06, 2 a, 42.46, 2 a, 0.07, 1 a, 156.42, 1 a, 0.13, 1 a, 445.73, 1 a, 0.27, 1 a, 935.39, 1 a, 2.12, 23 b, sol-6d-c2-obj1.csv
99, 2560, 16, 1, 20, 0, 30, 0, 0 a, 1089.05, 0 a, 980.80, 0 a, 1254.57, 0 a, 1086.22, 0 a, 1410.43, 0 a, 1602.16, 0 a, 1754.87, 0 a, 9.88, 0 a, 27.42, 0 a, 35.83, 0 a, 45.79, 0 a, 97.95, 0 a, 192.46, 0 a, 356.63, 1 a, 680.09, 0 a, 1188.57, 0 a, 1640.51, 0 a, 2279.94, 0 a, 3757.04, 0 a, 6614.38, 0 a, 8217.31, 0 a, 34.90, 0 a, 105.83, 0 a, 174.34, 0 a, 304.98, 0 a, 599.03, 0 a, 1442.20, 0 a, 3423.93, 0 a, 16.65, 0 a, 31.54, 0 a, 38.41, 0 a, 49.72, 0 a, 127.04, 0 a, 204.41, 0 a, 506.08, 0 a, 3.22, 1 a, 0.03, 0 a, 13.10, 0 a, 0.04, 0 a, 28.63, 0 a, 0.06, 0 a, 51.00, 0 a, 0.07, 0 a, 179.76, 0 a, 0.14, 0 a, 517.91, 0 a, 0.26, 0 a, 1043.20, 0 a, 0.49, 20 b, BDBC.csv
93, 3840, 6, 2, 24, 0, 20, 2, 5 a, 170.48, 3 a, 216.70, 2 a, 259.72, 2 a, 177.35, 1 a, 334.24, 1 a, 375.05, 0 a, 582.29, 3 a, 6.55, 2 a, 12.93, 2 a, 20.68, 1 a, 30.40, 1 a, 58.14, 1 a, 106.25, 0 a, 235.56, 5 a, 2023.94, 3 a, 4489.06, 2 a, 4853.90, 1 a, 6255.45, 1 a, 8539.29, 0 a, 12169.98, 0 a, 25388.53, 3 a, 28.42, 2 a, 45.94, 1 a, 75.83, 1 a, 105.40, 1 a, 349.79, 1 a, 584.58, 0 a, 1464.96, 6 a, 13.55, 3 a, 22.66, 2 a, 31.53, 2 a, 40.81, 2 a, 93.17, 2 a, 154.75, 1 a, 306.65, 5 a, 2.93, 6 a, 0.03, 3 a, 11.47, 3 a, 0.06, 2 a, 26.28, 2 a, 0.08, 1 a, 43.87, 1 a, 0.08, 1 a, 174.16, 1 a, 0.15, 1 a, 537.49, 1 a, 0.28, 0 a, 1297.67, 0 a, 0.61, 24 b, SS-S.csv
86, 1000, 124, 3, 51, 27, 9, 30, 41 c, 841.28, 38 b, 785.60, 37 b, 881.10, 36 b, 980.47, 33 a, 1569.30, 32 a, 2310.61, 29 a, 3308.56, 40 c, 20.06, 39 b, 32.50, 38 b, 42.04, 37 b, 42.41, 33 a, 102.34, 31 a, 196.13, 28 a, 407.63, 42 c, 2686.63, 37 b, 5998.83, 35 b, 8585.83, 33 a, 11393.30, 31 a, 16839.05, 29 a, 28553.28, 29 a, 33715.67, 40 c, 22.08, 37 b, 69.91, 35 b, 135.06, 35 b, 228.73, 32 a, 594.70, 31 a, 1168.10, 30 a, 2459.90, 40 c, 39.41, 33 a, 147.30, 31 a, 248.50, 30 a, 358.67, 29 a, 757.70, 28 a, 1281.10, 27 a, 2696.83, 39 c, 16.36, 40 c, 0.03, 36 b, 63.80, 38 b, 0.05, 36 b, 129.66, 36 b, 0.07, 34 b, 188.31, 35 b, 0.08, 32 a, 503.63, 34 b, 0.18, 31 a, 666.11, 31 a, 0.33, 30 a, 418.77, 30 a, 0.59, 51 d, Scrum1k.csv
90, 3840, 6, 2, 52, 2, 21, 7, 25 b, 131.28, 14 a, 173.04, 11 a, 174.72, 10 a, 209.45, 6 a, 315.31, 6 a, 389.35, 5 a, 495.27, 24 b, 8.11, 15 b, 13.09, 13 a, 16.37, 10 a, 31.16, 7 a, 50.17, 6 a, 106.67, 4 a, 190.84, 25 b, 1657.44, 17 b, 3463.41, 8 a, 4541.97, 8 a, 6869.94, 4 a, 9354.27, 4 a, 12492.52, 3 a, 27474.70, 24 b, 28.07, 13 a, 39.64, 10 a, 72.24, 8 a, 119.14, 6 a, 225.75, 5 a, 461.61, 4 a, 1607.50, 38 c, 15.17, 14 a, 20.98, 12 a, 32.68, 7 a, 41.08, 5 a, 80.64, 4 a, 164.06, 4 a, 307.31, 21 b, 3.29, 24 b, 0.03, 9 a, 12.93, 16 b, 0.05, 10 a, 26.97, 13 a, 0.06, 8 a, 44.10, 9 a, 0.15, 5 a, 178.41, 6 a, 0.16, 5 a, 544.37, 6 a, 0.30, 4 a, 1304.81, 5 a, 0.66, 52 d, SS-J.csv
92, 2736, 13, 3, 41, 4, 21, 7, 16 b, 188.23, 9 a, 220.48, 8 a, 223.19, 7 a, 238.41, 6 a, 344.01, 5 a, 544.72, 5 a, 751.50, 16 b, 8.20, 10 a, 22.06, 9 a, 25.76, 7 a, 31.44, 6 a, 75.13, 5 a, 165.76, 5 a, 313.13, 14 a, 2667.39, 10 a, 5715.48, 10 a, 5968.90, 7 a, 7285.33, 5 a, 10009.19, 5 a, 11024.63, 5 a, 13228.14, 16 b, 45.90, 12 a, 72.99, 10 a, 142.68, 9 a, 193.55, 6 a, 497.06, 5 a, 1074.75, 5 a, 2054.42, 15 b, 17.05, 8 a, 25.95, 7 a, 55.59, 7 a, 69.16, 5 a, 123.96, 5 a, 211.11, 4 a, 532.88, 14 a, 3.85, 15 b, 0.03, 9 a, 14.75, 9 a, 0.06, 7 a, 32.63, 8 a, 0.07, 7 a, 51.92, 7 a, 0.10, 6 a, 196.62, 6 a, 0.18, 5 a, 576.96, 5 a, 0.34, 5 a, 1148.47, 5 a, 0.66, 41 c, SS-Q.csv
97, 3840, 6, 1, 28, 0, 27, 1, 4 a, 223.05, 1 a, 224.93, 1 a, 245.76, 0 a, 288.24, 0 a, 349.26, 0 a, 432.67, 0 a, 662.00, 2 a, 6.71, 1 a, 14.99, 0 a, 21.00, 0 a, 28.48, 0 a, 54.87, 0 a, 87.79, 0 a, 230.12, 4 a, 1043.09, 2 a, 2036.30, 1 a, 3437.74, 0 a, 4710.30, 0 a, 10542.17, 0 a, 14763.41, 0 a, 25155.30, 2 a, 36.79, 0 a, 39.30, 0 a, 66.81, 0 a, 96.27, 0 a, 203.36, 0 a, 442.47, 0 a, 1336.74, 4 a, 13.52, 0 a, 23.76, 0 a, 28.94, 0 a, 39.80, 0 a, 78.50, 0 a, 156.36, 0 a, 298.26, 4 a, 2.97, 3 a, 0.03, 1 a, 11.51, 1 a, 0.05, 1 a, 26.06, 1 a, 0.07, 0 a, 43.42, 0 a, 0.08, 0 a, 168.72, 0 a, 0.15, 0 a, 548.88, 0 a, 0.26, 0 a, 1305.77, 0 a, 0.54, 28 b, rs-6d-c3_obj1.csv
100, 3840, 6, 1, 7, 0, 19, 0, 0 a, 192.26, 0 a, 204.26, 0 a, 259.70, 0 a, 313.97, 0 a, 302.94, 0 a, 441.59, 0 a, 584.62, 0 a, 7.75, 0 a, 13.06, 0 a, 19.25, 0 a, 32.69, 0 a, 45.78, 0 a, 118.69, 0 a, 216.31, 0 a, 1200.40, 0 a, 2404.89, 0 a, 2950.11, 0 a, 4914.71, 0 a, 10965.74, 0 a, 16598.70, 0 a, 28167.05, 0 a, 26.71, 0 a, 20.24, 0 a, 84.60, 0 a, 118.57, 0 a, 239.98, 0 a, 478.78, 0 a, 1282.71, 0 a, 13.72, 0 a, 17.53, 0 a, 39.08, 0 a, 48.04, 0 a, 78.22, 0 a, 158.61, 0 a, 392.76, 0 a, 3.19, 0 a, 0.03, 0 a, 11.81, 0 a, 0.04, 0 a, 26.19, 0 a, 0.07, 0 a, 43.56, 0 a, 0.08, 0 a, 176.77, 0 a, 0.14, 0 a, 549.55, 0 a, 0.26, 0 a, 1323.69, 0 a, 0.53, 7 b, rs-6d-c3_obj2.csv
93, 4096, 12, 1, 33, 0, 23, 2, 4 a, 1103.04, 2 a, 1186.96, 1 a, 1186.43, 1 a, 1224.42, 0 a, 1325.78, 0 a, 1347.32, 0 a, 1518.92, 9 a, 12.10, 4 a, 17.86, 2 a, 33.83, 1 a, 38.45, 0 a, 62.66, 0 a, 167.35, 0 a, 297.59, 9 a, 753.76, 5 a, 1044.83, 3 a, 1609.23, 2 a, 2356.21, 0 a, 5877.06, 0 a, 21630.13, 0 a, 35111.67, 9 a, 20.79, 3 a, 39.72, 3 a, 99.77, 3 a, 152.57, 1 a, 536.02, 0 a, 943.13, 0 a, 2069.04, 10 a, 17.00, 3 a, 19.78, 2 a, 35.83, 1 a, 34.30, 0 a, 83.53, 0 a, 165.76, 0 a, 329.62, 8 a, 2.85, 10 b, 0.03, 4 a, 11.21, 5 a, 0.05, 4 a, 25.23, 2 a, 0.07, 1 a, 42.39, 2 a, 0.08, 1 a, 165.66, 0 a, 0.13, 0 a, 534.25, 0 a, 0.27, 0 a, 1440.45, 0 a, 0.48, 33 c, deeparch.csv
76, 3008, 14, 2, 41, 12, 15, 19, 24 a, 194.55, 21 a, 227.27, 20 a, 342.30, 20 a, 365.06, 18 a, 364.59, 17 a, 508.91, 16 a, 838.40, 23 a, 11.92, 21 a, 15.83, 20 a, 25.86, 19 a, 41.23, 18 a, 68.44, 17 a, 134.08, 16 a, 313.16, 22 a, 2628.16, 21 a, 4409.98, 20 a, 5029.72, 19 a, 6653.38, 18 a, 9491.88, 16 a, 11360.20, 16 a, 14614.81, 23 a, 20.14, 21 a, 68.05, 20 a, 106.72, 19 a, 188.97, 18 a, 481.42, 17 a, 1384.53, 17 a, 2241.88, 24 a, 15.82, 23 a, 31.50, 20 a, 43.47, 20 a, 55.30, 17 a, 105.69, 15 a, 209.78, 13 a, 500.17, 21 a, 3.52, 21 a, 0.03, 20 a, 13.92, 20 a, 0.05, 19 a, 31.07, 19 a, 0.06, 19 a, 52.55, 18 a, 0.09, 18 a, 201.34, 18 a, 0.15, 17 a, 599.01, 17 a, 0.31, 15 a, 1300.47, 15 a, 0.55, 41 b, SS-R.csv
95, 3456, 14, 1, 12, 0, 19, 1, 1 a, 216.36, 1 a, 218.45, 0 a, 251.45, 0 a, 251.24, 0 a, 352.38, 0 a, 542.90, 0 a, 745.75, 2 a, 9.07, 1 a, 19.65, 1 a, 35.93, 0 a, 40.26, 0 a, 65.72, 0 a, 124.68, 0 a, 386.18, 1 a, 2344.97, 1 a, 4609.85, 0 a, 4582.52, 0 a, 7230.26, 0 a, 14413.22, 0 a, 17233.46, 0 a, 25264.47, 2 a, 43.47, 1 a, 32.64, 0 a, 109.30, 0 a, 161.23, 0 a, 427.09, 0 a, 1016.21, 0 a, 2105.97, 2 a, 14.30, 1 a, 35.07, 0 a, 44.30, 0 a, 54.04, 0 a, 109.29, 0 a, 253.47, 0 a, 513.63, 2 a, 3.91, 2 a, 0.03, 1 a, 15.23, 1 a, 0.05, 1 a, 33.42, 1 a, 0.06, 1 a, 55.53, 1 a, 0.08, 0 a, 213.27, 1 a, 0.13, 0 a, 649.95, 0 a, 0.27, 0 a, 1537.12, 0 a, 0.54, 12 b, HSMGP_num.csv
97, 5160, 9, 1, 76, 0, 37, 2, 58 c, 1063.07, 68 c, 1011.91, 75 c, 997.43, 70 c, 1179.25, 28 b, 1235.43, 55 c, 1272.23, 68 c, 1438.09, 10 a, 252.25, 3 a, 609.88, 2 a, 893.96, 0 a, 1124.72, 0 a, 3189.96, 0 a, 6163.46, 0 a, 11950.31, 10 a, 41333.93, 25 b, 2530.75, 13 a, 14869.24, 5 a, 10196.29, 8 a, 799.58, 0 a, 2027.28, 0 a, 5232.58, 12 a, 176.81, 5 a, 439.50, 0 a, 607.23, 0 a, 922.17, 0 a, 2306.88, 0 a, 4214.25, 0 a, 13092.16, 20 b, 14.44, 2 a, 30.22, 0 a, 45.53, 0 a, 59.67, 0 a, 123.43, 0 a, 245.19, 0 a, 488.36, 25 b, 4.06, 35 b, 0.03, 18 b, 16.00, 8 a, 0.05, 2 a, 34.95, 5 a, 0.08, 0 a, 60.45, 0 a, 0.08, 0 a, 231.46, 0 a, 0.14, 0 a, 681.23, 0 a, 0.27, 0 a, 1437.31, 0 a, 0.57, 76 c, dataset600.csv
98, 5160, 9, 1, 79, 0, 36, 2, 57 d, 999.82, 55 d, 1134.28, 63 d, 1169.60, 68 d, 1135.44, 60 d, 1100.49, 78 e, 1335.17, 30 b, 1454.36, 20 b, 259.04, 5 a, 586.86, 0 a, 908.88, 2 a, 1087.45, 0 a, 2398.89, 0 a, 6951.32, 0 a, 15562.24, 12 a, 48574.80, 15 b, 16841.34, 15 b, 5949.92, 12 a, 4805.10, 8 a, 1009.79, 0 a, 1948.26, 0 a, 4269.44, 8 a, 192.66, 3 a, 409.56, 0 a, 542.92, 0 a, 767.01, 0 a, 2261.49, 0 a, 4158.16, 0 a, 10724.11, 18 b, 15.87, 0 a, 29.95, 0 a, 54.21, 0 a, 61.34, 0 a, 101.43, 0 a, 251.52, 0 a, 489.31, 30 b, 3.85, 38 c, 0.03, 8 a, 16.07, 10 a, 0.05, 0 a, 34.33, 15 b, 0.07, 0 a, 63.40, 0 a, 0.09, 0 a, 231.10, 0 a, 0.16, 0 a, 686.80, 0 a, 0.27, 0 a, 1442.99, 0 a, 0.55, 79 e, dataset120.csv
28, 10000, 5, 3, 31, 0, 14, 22, 23 a, 633.20, 23 a, 632.56, 24 a, 652.39, 23 a, 873.55, 24 a, 803.57, 22 a, 1158.69, 24 a, 912.24, 23 a, 7.67, 23 a, 14.48, 23 a, 22.40, 22 a, 28.62, 22 a, 67.87, 22 a, 115.87, 22 a, 232.36, 23 a, 1329.97, 23 a, 2268.39, 23 a, 3288.30, 23 a, 5088.25, 23 a, 9692.79, 21 a, 17314.50, 20 a, 24416.08, 23 a, 47.13, 23 a, 53.70, 23 a, 70.16, 22 a, 100.57, 22 a, 270.31, 22 a, 755.47, 23 a, 1190.70, 22 a, 16.76, 22 a, 23.90, 22 a, 32.58, 22 a, 46.35, 21 a, 73.90, 20 a, 177.69, 15 a, 322.34, 23 a, 2.33, 23 a, 0.04, 23 a, 10.42, 23 a, 0.06, 22 a, 22.56, 22 a, 0.09, 22 a, 38.01, 22 a, 0.11, 22 a, 158.14, 22 a, 0.21, 21 a, 584.94, 22 a, 0.35, 21 a, 2019.96, 21 a, 0.76, 31 b, Health-Commits0004.csv
89, 10000, 5, 3, 57, 7, 18, 12, 50 d, 470.89, 56 e, 529.34, 51 d, 552.63, 17 a, 682.06, 14 a, 719.20, 21 b, 797.17, 8 a, 1063.56, 37 c, 8.85, 23 b, 16.16, 20 b, 26.23, 16 a, 28.70, 12 a, 53.73, 9 a, 145.09, 10 a, 270.06, 35 c, 1828.44, 22 b, 3323.22, 24 b, 3843.00, 34 c, 5000.36, 12 a, 9930.38, 11 a, 18012.77, 11 a, 23596.26, 44 d, 35.77, 20 b, 45.47, 20 b, 79.05, 23 b, 130.29, 12 a, 250.88, 15 a, 570.36, 15 a, 1000.72, 44 d, 14.14, 26 b, 21.88, 16 a, 32.42, 15 a, 45.42, 8 a, 81.25, 8 a, 138.59, 7 a, 324.26, 28 b, 2.45, 27 b, 0.04, 21 b, 10.12, 25 b, 0.06, 16 a, 22.06, 16 a, 0.09, 14 a, 37.99, 15 a, 0.11, 12 a, 157.57, 12 a, 0.21, 8 a, 590.29, 9 a, 0.36, 8 a, 2016.42, 8 a, 0.68, 57 e, Health-Commits0005.csv
100, 10000, 5, 2, 33, 0, 47, 0, 55 c, 1563.75, 0 a, 1409.85, 0 a, 1869.83, 60 c, 1486.82, 95 d, 2036.92, 0 a, 1347.77, 70 c, 2087.14, 0 a, 7.64, 0 a, 14.90, 0 a, 21.63, 0 a, 25.76, 0 a, 59.86, 0 a, 118.70, 0 a, 311.06, 5 a, 626.68, 0 a, 1450.39, 0 a, 1494.00, 0 a, 2325.90, 0 a, 7908.71, 0 a, 19234.33, 0 a, 26630.79, 0 a, 21.66, 0 a, 25.22, 0 a, 68.77, 0 a, 120.81, 0 a, 261.91, 0 a, 533.71, 0 a, 1462.99, 0 a, 16.84, 0 a, 32.20, 0 a, 32.43, 0 a, 42.45, 0 a, 82.12, 0 a, 161.10, 0 a, 311.55, 0 a, 2.41, 0 a, 0.04, 0 a, 9.83, 0 a, 0.07, 0 a, 23.89, 0 a, 0.09, 0 a, 40.02, 0 a, 0.10, 0 a, 161.14, 0 a, 0.18, 0 a, 574.81, 0 a, 0.36, 0 a, 1994.91, 0 a, 0.65, 33 b, Health-ClosedPRs0000.csv
78, 10000, 5, 3, 24, 7, 10, 11, 14 b, 194.28, 22 c, 215.62, 16 b, 227.51, 29 d, 257.24, 11 a, 320.17, 11 a, 405.82, 22 c, 605.52, 12 a, 9.49, 12 a, 13.10, 12 a, 26.06, 12 a, 33.40, 11 a, 52.07, 10 a, 128.95, 9 a, 309.85, 14 b, 1919.03, 12 a, 2821.36, 12 a, 4237.93, 11 a, 4480.23, 10 a, 10535.31, 9 a, 16496.26, 9 a, 22565.83, 15 b, 30.89, 12 a, 22.78, 12 a, 77.47, 11 a, 111.93, 10 a, 230.84, 10 a, 673.42, 9 a, 1118.43, 13 a, 15.80, 12 a, 21.05, 11 a, 36.34, 11 a, 44.10, 10 a, 85.64, 9 a, 156.89, 9 a, 318.11, 14 a, 2.32, 13 a, 0.04, 12 a, 10.27, 13 a, 0.07, 12 a, 22.61, 12 a, 0.08, 11 a, 38.34, 11 a, 0.11, 10 a, 160.33, 11 a, 0.20, 10 a, 601.34, 10 a, 0.35, 9 a, 2019.90, 10 a, 0.69, 24 c, Health-Commits0009.csv
78, 10000, 5, 3, 85, 49, 6, 57, 75 d, 134.71, 71 c, 1953.96, 82 e, 1932.36, 84 f, 2055.55, 86 f, 2078.70, 86 f, 2305.16, 57 a, 2332.54, 86 f, 6.65, 82 e, 15.21, 82 e, 23.35, 63 b, 33.33, 62 b, 54.19, 68 c, 130.57, 57 a, 236.13, 80 e, 630.38, 84 f, 1076.39, 73 c, 1915.29, 71 c, 3236.71, 62 b, 7578.49, 60 a, 17849.26, 56 a, 26073.68, 82 e, 22.88, 73 d, 22.00, 83 e, 57.66, 70 c, 130.99, 60 b, 251.92, 64 b, 451.95, 65 b, 1323.16, 79 e, 17.37, 67 b, 20.50, 64 b, 35.18, 62 b, 44.89, 58 a, 86.91, 57 a, 148.90, 57 a, 267.41, 79 e, 2.72, 81 e, 0.04, 69 c, 10.46, 80 e, 0.08, 68 c, 22.28, 71 c, 0.08, 63 b, 37.99, 65 b, 0.11, 58 a, 159.77, 59 a, 0.20, 57 a, 578.03, 57 a, 0.36, 56 a, 2055.72, 57 a, 0.69, 85 f, Health-ClosedPRs0008.csv
97, 10000, 5, 3, 53, 0, 37, 2, 79 d, 160.14, 0 a, 1306.67, 80 d, 1583.60, 0 a, 1259.33, 0 a, 1504.65, 59 c, 1301.09, 0 a, 1533.28, 55 c, 8.96, 8 a, 14.21, 4 a, 23.09, 12 a, 27.14, 4 a, 61.81, 0 a, 158.96, 0 a, 305.10, 32 b, 2404.01, 40 b, 1240.78, 12 a, 2699.54, 4 a, 5143.29, 0 a, 15213.04, 0 a, 18113.59, 59 c, 25532.84, 79 d, 25.38, 24 b, 43.99, 0 a, 72.78, 79 d, 141.83, 0 a, 223.25, 0 a, 406.72, 16 b, 918.55, 8 a, 14.43, 0 a, 23.52, 0 a, 37.92, 0 a, 42.66, 0 a, 82.49, 0 a, 138.67, 0 a, 323.97, 0 a, 2.49, 8 a, 0.08, 0 a, 10.17, 0 a, 0.13, 0 a, 23.21, 0 a, 0.09, 0 a, 37.14, 0 a, 0.10, 0 a, 158.70, 0 a, 0.18, 0 a, 577.06, 0 a, 0.37, 0 a, 2076.17, 0 a, 0.70, 53 c, Health-ClosedPRs0011.csv
81, 10000, 5, 3, 71, 2, 19, 15, 44 c, 1775.41, 31 b, 2041.55, 36 c, 2196.91, 29 b, 2296.73, 19 a, 2416.36, 27 b, 2527.96, 28 b, 2822.55, 46 c, 7.66, 33 b, 16.56, 30 b, 24.62, 25 b, 32.70, 18 a, 53.16, 17 a, 147.71, 11 a, 239.18, 42 c, 465.49, 27 b, 760.99, 16 a, 950.40, 17 a, 1805.29, 14 a, 3580.75, 12 a, 13935.93, 12 a, 24888.50, 41 c, 24.65, 32 b, 49.88, 23 b, 65.84, 22 b, 126.52, 15 a, 358.98, 13 a, 694.52, 12 a, 1331.10, 38 c, 19.10, 20 a, 22.69, 16 a, 38.57, 15 a, 38.77, 14 a, 72.15, 13 a, 137.43, 12 a, 281.71, 45 c, 2.78, 42 c, 0.05, 26 b, 11.01, 35 c, 0.07, 26 b, 22.97, 22 b, 0.09, 24 b, 38.76, 22 b, 0.12, 18 a, 156.07, 19 a, 0.19, 14 a, 592.99, 17 a, 0.35, 13 a, 1999.64, 14 a, 0.67, 71 d, Health-ClosedIssues0000.csv
95, 10000, 5, 3, 64, 15, 33, 17, 86 d, 156.45, 86 d, 1141.08, 68 c, 1254.20, 16 a, 498.34, 16 a, 596.54, 68 c, 1234.75, 84 d, 1597.57, 34 b, 8.88, 23 a, 14.35, 20 a, 20.67, 16 a, 28.28, 16 a, 56.35, 16 a, 147.64, 16 a, 312.34, 65 c, 851.22, 16 a, 1877.14, 16 a, 3686.15, 16 a, 4665.69, 16 a, 10482.26, 16 a, 18208.04, 16 a, 25941.36, 85 d, 28.21, 85 d, 43.73, 84 d, 111.15, 84 d, 135.89, 16 a, 296.71, 79 d, 485.96, 16 a, 1147.08, 20 a, 15.30, 16 a, 24.72, 16 a, 31.04, 16 a, 45.48, 16 a, 71.78, 16 a, 137.15, 16 a, 265.59, 16 a, 2.70, 23 a, 0.05, 16 a, 11.00, 16 a, 0.08, 16 a, 21.68, 16 a, 0.08, 16 a, 38.24, 16 a, 0.09, 16 a, 159.00, 16 a, 0.18, 16 a, 579.54, 16 a, 0.35, 16 a, 2087.27, 16 a, 0.68, 64 c, Health-Commits0001.csv
97, 10000, 5, 3, 56, 8, 33, 9, 23 b, 1146.75, 75 e, 1702.77, 8 a, 1925.09, 43 c, 2077.84, 79 e, 1874.54, 8 a, 1671.95, 77 e, 2764.42, 22 b, 6.94, 43 c, 13.09, 22 b, 18.91, 8 a, 33.94, 8 a, 59.76, 8 a, 112.09, 77 e, 311.21, 8 a, 701.20, 26 b, 1266.12, 12 a, 1701.77, 16 a, 3078.11, 8 a, 6943.45, 8 a, 18482.83, 8 a, 26345.30, 78 e, 35.26, 78 e, 43.29, 8 a, 69.60, 78 e, 120.87, 8 a, 281.71, 12 a, 428.10, 8 a, 1010.22, 15 a, 16.42, 8 a, 25.86, 8 a, 38.24, 8 a, 49.16, 8 a, 84.31, 8 a, 166.73, 8 a, 287.39, 8 a, 2.76, 15 a, 0.10, 8 a, 10.31, 8 a, 0.16, 8 a, 23.32, 8 a, 0.09, 8 a, 38.67, 8 a, 0.10, 8 a, 157.49, 8 a, 0.17, 8 a, 577.63, 8 a, 0.41, 8 a, 2068.32, 8 a, 0.67, 56 d, Health-ClosedPRs0003.csv
98, 10000, 5, 3, 54, 2, 36, 3, 18 b, 1347.65, 79 d, 2133.98, 79 d, 2097.71, 2 a, 1363.19, 2 a, 1831.35, 79 d, 2280.10, 2 a, 2264.33, 10 a, 7.06, 2 a, 12.83, 36 b, 22.97, 2 a, 33.99, 2 a, 52.02, 2 a, 145.10, 2 a, 230.55, 14 a, 742.14, 2 a, 1441.64, 25 b, 1514.26, 2 a, 2325.06, 2 a, 6722.10, 2 a, 17629.21, 2 a, 27696.88, 79 d, 17.15, 2 a, 50.62, 75 d, 82.78, 71 d, 104.72, 2 a, 268.45, 2 a, 512.26, 2 a, 1023.58, 10 a, 15.33, 3 a, 18.05, 3 a, 38.15, 3 a, 40.59, 3 a, 72.16, 4 a, 137.79, 4 a, 275.92, 2 a, 2.73, 10 a, 0.05, 2 a, 10.55, 2 a, 0.08, 2 a, 23.32, 2 a, 0.09, 2 a, 40.58, 2 a, 0.10, 2 a, 162.83, 2 a, 0.19, 2 a, 582.46, 2 a, 0.36, 2 a, 2095.85, 2 a, 0.66, 54 c, Health-ClosedPRs0002.csv
96, 10000, 5, 3, 56, 0, 20, 2, 31 b, 2015.24, 6 a, 1853.55, 56 d, 2219.58, 6 a, 2079.62, 63 e, 2404.44, 63 e, 2001.24, 63 e, 2637.34, 50 d, 7.97, 43 c, 17.91, 34 c, 26.90, 9 a, 29.12, 3 a, 68.79, 0 a, 150.88, 0 a, 310.06, 24 b, 2246.57, 37 c, 1214.85, 37 c, 1778.58, 63 d, 2095.47, 0 a, 8011.68, 0 a, 18230.11, 0 a, 23225.26, 43 c, 29.16, 3 a, 24.62, 3 a, 66.69, 63 e, 83.21, 63 d, 239.19, 0 a, 585.35, 0 a, 1261.43, 15 b, 15.27, 0 a, 27.10, 0 a, 37.67, 0 a, 42.57, 0 a, 92.62, 0 a, 137.28, 0 a, 318.53, 21 b, 2.52, 40 c, 0.04, 12 a, 10.17, 21 b, 0.17, 12 a, 22.88, 3 a, 0.10, 3 a, 38.77, 0 a, 0.11, 0 a, 159.73, 0 a, 0.18, 0 a, 580.34, 0 a, 0.36, 0 a, 2089.27, 0 a, 0.68, 56 d, Health-ClosedPRs0007.csv
32, 10000, 5, 3, 52, 23, 3, 43, 52 f, 2031.72, 49 d, 2280.64, 52 f, 2278.25, 47 c, 2307.14, 47 c, 2599.55, 49 d, 2559.31, 53 f, 2879.28, 50 e, 8.66, 48 c, 13.15, 50 e, 24.09, 47 c, 33.40, 46 b, 71.38, 46 b, 148.56, 43 a, 263.84, 50 e, 792.37, 49 d, 1089.60, 48 c, 1575.21, 48 c, 1984.16, 45 b, 6514.52, 45 b, 17547.05, 43 a, 24400.09, 51 f, 25.44, 48 c, 48.47, 46 b, 95.82, 47 c, 101.59, 46 b, 316.90, 46 b, 570.69, 49 d, 1092.16, 49 d, 17.67, 46 b, 23.02, 45 b, 33.45, 45 b, 46.26, 45 b, 82.83, 44 a, 166.51, 42 a, 318.48, 48 d, 2.61, 49 d, 0.05, 48 c, 10.76, 48 c, 0.06, 47 c, 22.18, 47 c, 0.15, 47 c, 37.79, 47 c, 0.11, 45 b, 158.17, 46 b, 0.19, 45 b, 590.99, 45 b, 0.35, 41 a, 2003.41, 42 a, 0.65, 52 f, Health-ClosedIssues0010.csv
49, 10000, 5, 3, 59, 16, 15, 38, 52 c, 1865.42, 45 b, 1844.30, 72 e, 1999.08, 43 a, 2171.95, 71 e, 2374.54, 40 a, 2440.50, 64 d, 2095.28, 42 a, 7.96, 41 a, 13.29, 40 a, 25.33, 38 a, 29.75, 37 a, 67.65, 37 a, 150.47, 34 a, 265.84, 43 a, 513.75, 39 a, 1023.58, 42 a, 979.47, 39 a, 1625.21, 38 a, 4608.69, 36 a, 13696.63, 29 a, 24603.10, 46 b, 23.10, 42 a, 54.72, 40 a, 89.16, 40 a, 122.81, 39 a, 305.47, 34 a, 699.05, 34 a, 1226.19, 43 a, 21.36, 36 a, 22.78, 36 a, 25.08, 36 a, 38.99, 34 a, 80.39, 32 a, 141.92, 29 a, 265.32, 43 a, 2.65, 43 a, 0.04, 40 a, 10.66, 42 a, 0.07, 41 a, 22.35, 41 a, 0.08, 40 a, 38.57, 40 a, 0.10, 38 a, 158.88, 38 a, 0.19, 34 a, 588.66, 37 a, 4.82, 34 a, 2037.07, 35 a, 0.95, 59 d, Health-ClosedIssues0001.csv
73, 10000, 5, 3, 35, 6, 7, 14, 37 e, 1622.59, 26 c, 1787.74, 29 d, 2244.38, 27 c, 2289.97, 23 c, 2379.48, 14 a, 2510.22, 32 e, 2704.71, 25 c, 6.97, 25 c, 12.74, 19 b, 19.22, 20 b, 33.15, 18 b, 65.68, 15 a, 153.53, 14 a, 234.07, 25 c, 499.56, 24 c, 963.74, 22 b, 1507.51, 15 a, 2088.04, 20 b, 4816.55, 14 a, 17465.64, 13 a, 26462.89, 26 c, 20.81, 22 b, 43.20, 16 a, 61.40, 15 a, 102.11, 23 c, 302.30, 12 a, 520.22, 22 b, 1279.50, 27 c, 17.15, 23 c, 29.42, 21 b, 26.62, 19 b, 38.06, 15 a, 71.60, 13 a, 138.32, 11 a, 266.74, 28 d, 2.34, 28 d, 0.04, 22 b, 10.85, 24 c, 0.06, 20 b, 23.18, 23 c, 0.08, 20 b, 39.19, 20 b, 0.12, 18 b, 159.62, 18 b, 0.19, 14 a, 597.32, 14 a, 0.34, 13 a, 2040.88, 14 a, 0.72, 35 e, Health-ClosedIssues0003.csv
72, 10000, 5, 3, 63, 9, 4, 24, 63 h, 1878.03, 64 h, 133.40, 64 h, 2094.81, 63 h, 1937.32, 50 d, 2512.19, 64 h, 2516.66, 33 b, 2720.58, 58 f, 11.24, 55 e, 13.00, 56 f, 24.22, 50 d, 33.80, 52 d, 61.62, 38 b, 141.97, 23 a, 275.67, 60 g, 574.45, 60 g, 1031.01, 57 f, 1158.52, 56 f, 2054.06, 50 d, 5333.65, 45 c, 17303.59, 25 a, 23765.06, 63 h, 30.64, 63 h, 43.13, 57 f, 64.73, 48 d, 108.47, 63 h, 270.25, 53 e, 426.77, 62 h, 1036.57, 60 g, 14.04, 54 e, 23.17, 54 e, 40.28, 49 d, 48.20, 30 b, 71.79, 26 a, 163.67, 23 a, 287.99, 58 f, 2.63, 60 g, 0.03, 60 g, 10.26, 55 e, 0.06, 57 f, 22.71, 57 f, 0.09, 48 c, 39.58, 52 d, 0.12, 40 b, 161.16, 47 c, 0.18, 38 b, 605.63, 43 b, 0.35, 21 a, 2023.04, 23 a, 0.67, 63 h, Health-ClosedIssues0007.csv
74, 10000, 5, 3, 75, 1, 26, 21, 37 b, 1170.99, 31 b, 1317.02, 26 a, 1371.81, 29 a, 1396.46, 29 a, 1391.45, 25 a, 439.91, 32 b, 483.85, 40 b, 9.29, 32 b, 15.97, 28 a, 23.08, 28 a, 25.11, 21 a, 51.42, 16 a, 110.97, 12 a, 328.25, 41 b, 707.57, 24 a, 1846.53, 20 a, 4498.73, 18 a, 4657.76, 15 a, 10015.07, 11 a, 18006.51, 10 a, 25515.69, 41 b, 41.91, 28 a, 65.37, 26 a, 94.85, 22 a, 174.34, 18 a, 320.23, 22 a, 663.19, 19 a, 1207.49, 34 b, 16.51, 22 a, 28.36, 19 a, 31.15, 19 a, 42.29, 17 a, 76.80, 13 a, 173.86, 10 a, 323.64, 34 b, 2.74, 38 b, 0.04, 30 b, 10.73, 31 b, 0.06, 25 a, 22.26, 26 a, 0.09, 25 a, 40.06, 25 a, 0.11, 20 a, 161.30, 23 a, 0.23, 18 a, 610.50, 19 a, 0.37, 15 a, 2041.44, 15 a, 0.66, 75 c, Health-Commits0000.csv
99, 10000, 5, 3, 60, 2, 10, 3, 45 f, 1846.34, 45 e, 2065.44, 13 b, 2008.64, 10 b, 2250.51, 13 b, 1998.37, 62 g, 2588.05, 62 g, 2532.24, 60 g, 6.81, 60 g, 14.99, 45 f, 26.93, 51 f, 33.52, 39 e, 58.63, 48 f, 120.03, 5 a, 303.73, 58 g, 714.98, 48 f, 1338.96, 42 e, 1785.84, 61 g, 3531.27, 13 b, 9030.80, 16 c, 18299.06, 2 a, 23440.86, 57 g, 29.85, 31 d, 32.11, 61 g, 81.93, 61 g, 119.38, 13 b, 243.39, 27 d, 599.91, 54 f, 1380.25, 46 f, 15.91, 31 e, 29.33, 31 e, 32.19, 25 d, 49.13, 14 b, 90.42, 11 b, 163.33, 8 b, 268.66, 45 f, 2.63, 57 g, 0.04, 42 e, 10.38, 40 e, 0.07, 34 e, 22.70, 40 e, 0.08, 28 d, 38.79, 36 e, 0.11, 10 b, 160.55, 22 d, 0.20, 8 b, 596.20, 12 b, 0.35, 2 a, 2036.25, 2 a, 0.67, 60 g, Health-ClosedPRs0006.csv
81, 10000, 5, 3, 25, 0, 12, 5, 12 b, 1716.35, 11 b, 1971.74, 13 b, 2271.11, 21 c, 2280.35, 20 c, 2335.88, 14 b, 2488.13, 17 c, 2782.12, 10 b, 7.86, 7 a, 12.85, 7 a, 30.28, 6 a, 25.95, 5 a, 50.06, 4 a, 128.49, 2 a, 265.25, 12 b, 644.39, 7 a, 1123.55, 6 a, 1122.13, 5 a, 2172.29, 5 a, 6233.55, 4 a, 18023.34, 2 a, 25705.82, 10 b, 11.10, 11 b, 32.39, 6 a, 69.14, 6 a, 106.62, 4 a, 218.21, 4 a, 458.31, 2 a, 1236.02, 13 b, 15.87, 8 a, 25.53, 6 a, 27.58, 6 a, 38.27, 4 a, 93.51, 4 a, 168.40, 3 a, 345.53, 10 b, 2.42, 10 b, 0.04, 10 b, 10.48, 9 a, 0.06, 6 a, 22.04, 7 a, 0.09, 7 a, 38.58, 6 a, 0.12, 5 a, 159.39, 5 a, 0.22, 3 a, 584.22, 4 a, 0.35, 3 a, 2007.92, 3 a, 0.70, 25 d, Health-ClosedIssues0006.csv
80, 10000, 5, 3, 46, 7, 5, 15, 43 g, 1619.63, 38 f, 2132.09, 34 e, 2383.11, 44 g, 2139.36, 42 g, 2536.11, 43 g, 2523.70, 31 d, 2671.32, 43 g, 9.02, 43 g, 13.14, 32 d, 19.29, 39 f, 33.92, 31 d, 69.44, 37 f, 111.74, 20 b, 323.88, 38 f, 755.63, 37 f, 1265.86, 34 e, 1618.62, 36 e, 2140.66, 21 b, 7759.12, 19 b, 17927.40, 19 b, 25378.27, 44 g, 23.57, 35 e, 36.43, 29 d, 76.36, 32 d, 84.43, 36 e, 275.73, 20 b, 599.39, 26 d, 1238.00, 45 g, 15.13, 39 f, 22.69, 33 e, 37.94, 32 d, 39.86, 29 d, 88.34, 19 b, 168.07, 15 a, 347.87, 44 g, 2.66, 42 g, 0.04, 34 e, 10.49, 40 f, 0.07, 36 e, 22.57, 34 e, 0.09, 35 e, 39.38, 34 e, 0.12, 27 d, 158.81, 30 d, 0.19, 24 c, 599.65, 24 c, 0.39, 20 b, 2046.08, 22 b, 0.67, 46 h, Health-ClosedIssues0009.csv
92, 5184, 12, 2, 29, 3, 21, 5, 7 a, 188.35, 6 a, 214.37, 5 a, 264.76, 4 a, 232.38, 4 a, 328.35, 3 a, 461.46, 3 a, 621.21, 7 a, 11.43, 6 a, 25.40, 5 a, 23.60, 5 a, 36.06, 4 a, 65.77, 4 a, 140.02, 3 a, 244.65, 8 a, 2201.27, 7 a, 5155.73, 6 a, 5172.36, 5 a, 6428.95, 4 a, 8848.12, 3 a, 9961.42, 3 a, 13729.14, 7 a, 26.94, 6 a, 46.21, 6 a, 125.92, 5 a, 204.61, 4 a, 463.66, 4 a, 1087.45, 4 a, 1995.40, 10 a, 17.94, 6 a, 22.41, 6 a, 47.52, 5 a, 49.59, 5 a, 121.71, 5 a, 190.41, 5 a, 450.17, 8 a, 3.10, 7 a, 0.03, 5 a, 12.86, 5 a, 0.10, 4 a, 30.44, 5 a, 0.07, 4 a, 51.37, 5 a, 0.09, 4 a, 205.63, 4 a, 0.17, 3 a, 700.77, 3 a, 0.32, 3 a, 2004.75, 3 a, 0.61, 29 b, SS-T.csv
81, 10000, 5, 3, 55, 16, 12, 23, 36 c, 2009.63, 41 c, 2096.18, 54 e, 2185.16, 54 e, 2241.48, 29 b, 180.18, 28 b, 2614.15, 55 e, 2782.65, 39 c, 7.47, 34 b, 13.03, 33 b, 19.90, 30 b, 26.13, 24 a, 56.13, 24 a, 139.52, 21 a, 282.08, 36 c, 682.97, 33 b, 1477.68, 30 b, 1157.41, 26 a, 2147.44, 24 a, 6913.64, 21 a, 17421.78, 21 a, 25783.20, 46 d, 22.01, 28 b, 25.29, 27 a, 84.66, 25 a, 114.38, 24 a, 243.95, 25 a, 605.44, 20 a, 1083.82, 40 c, 16.57, 32 b, 28.38, 28 b, 39.40, 26 a, 40.28, 23 a, 88.18, 21 a, 132.38, 18 a, 273.53, 40 c, 2.57, 38 c, 0.04, 35 c, 9.50, 34 b, 0.06, 31 b, 22.50, 30 b, 0.09, 30 b, 39.30, 30 b, 0.13, 25 a, 161.47, 26 a, 0.20, 24 a, 608.20, 23 a, 0.35, 22 a, 2030.86, 23 a, 0.72, 55 e, Health-ClosedIssues0008.csv
90, 10000, 5, 3, 53, 11, 8, 15, 55 h, 825.73, 57 i, 858.45, 51 g, 843.42, 35 d, 883.85, 27 c, 1128.40, 54 h, 1169.34, 18 b, 1099.31, 49 g, 7.80, 46 f, 17.08, 45 f, 26.07, 33 d, 33.59, 36 d, 68.76, 28 c, 132.73, 22 b, 249.05, 43 f, 1302.77, 45 f, 2440.28, 40 e, 3542.74, 39 e, 4678.45, 29 c, 9503.19, 20 b, 16893.30, 19 b, 25706.52, 47 f, 26.27, 51 g, 32.73, 45 f, 62.71, 34 d, 76.94, 26 c, 234.54, 41 e, 420.75, 40 e, 1156.68, 45 f, 16.36, 35 d, 20.44, 31 d, 39.41, 29 c, 48.96, 23 b, 74.20, 19 b, 180.71, 15 a, 345.06, 38 e, 2.43, 43 f, 0.04, 38 e, 10.30, 39 e, 0.09, 35 d, 22.36, 38 e, 0.09, 34 d, 38.89, 32 d, 0.13, 27 c, 160.08, 30 c, 0.60, 24 c, 589.14, 22 b, 0.37, 21 b, 2027.97, 20 b, 0.73, 53 h, Health-Commits0003.csv
44, 10000, 5, 3, 34, 13, 6, 25, 30 b, 1835.53, 29 b, 2275.75, 32 c, 2124.23, 30 b, 2176.78, 33 c, 2397.96, 26 a, 2545.21, 25 a, 2667.32, 29 b, 6.76, 29 b, 17.07, 30 b, 19.56, 28 b, 25.63, 25 a, 65.49, 30 b, 115.12, 23 a, 261.03, 30 b, 510.20, 28 b, 1002.11, 26 a, 1386.86, 29 b, 2028.96, 25 a, 4473.82, 26 a, 16326.85, 24 a, 27264.34, 31 c, 14.49, 28 b, 29.83, 27 b, 82.68, 31 c, 78.83, 25 a, 279.27, 28 b, 572.62, 23 a, 938.24, 30 b, 16.93, 30 b, 23.27, 29 b, 43.06, 28 b, 39.99, 26 a, 91.96, 26 a, 179.29, 25 a, 325.41, 29 b, 2.58, 30 b, 0.04, 28 b, 10.66, 28 b, 0.06, 27 b, 22.58, 27 b, 0.09, 27 a, 39.32, 27 b, 0.11, 25 a, 159.81, 26 a, 0.21, 24 a, 593.67, 25 a, 0.37, 24 a, 2039.60, 22 a, 0.67, 34 d, Health-ClosedIssues0004.csv
94, 10000, 5, 3, 83, 28, 15, 31, 91 f, 1863.65, 47 b, 1837.17, 89 f, 2100.04, 91 f, 2265.08, 47 b, 2196.22, 30 a, 2297.58, 79 e, 2588.40, 64 d, 7.82, 65 d, 16.71, 68 d, 24.82, 60 c, 32.83, 46 b, 69.38, 30 a, 137.94, 28 a, 231.48, 65 d, 825.35, 64 d, 1288.39, 56 c, 1623.54, 66 d, 2975.68, 32 a, 7686.52, 34 a, 18210.93, 30 a, 24117.84, 39 a, 26.16, 46 b, 29.36, 52 b, 86.92, 34 a, 114.45, 84 e, 187.57, 28 a, 532.54, 28 a, 1443.51, 60 c, 16.35, 32 a, 28.77, 32 a, 29.30, 32 a, 38.58, 32 a, 74.23, 32 a, 147.10, 30 a, 268.41, 57 c, 2.74, 66 d, 0.05, 57 c, 10.39, 53 b, 0.07, 46 b, 22.61, 43 b, 0.08, 34 a, 38.82, 38 a, 0.11, 28 a, 161.72, 28 a, 0.21, 28 a, 586.70, 28 a, 0.36, 28 a, 2072.20, 28 a, 0.69, 83 e, Health-ClosedPRs0004.csv
61, 10000, 5, 3, 50, 5, 22, 23, 68 d, 1938.62, 45 c, 2112.91, 51 c, 2188.07, 28 a, 2245.72, 30 a, 2425.91, 69 d, 2606.65, 44 c, 2839.52, 36 b, 6.83, 26 a, 15.38, 26 a, 21.03, 24 a, 25.82, 23 a, 52.79, 22 a, 146.07, 19 a, 304.31, 25 a, 542.15, 31 b, 935.36, 24 a, 1384.75, 32 b, 1640.85, 39 b, 6391.15, 22 a, 16678.58, 22 a, 26172.76, 39 b, 22.54, 24 a, 36.80, 23 a, 82.29, 23 a, 99.83, 22 a, 245.78, 22 a, 424.77, 21 a, 971.01, 26 a, 16.28, 23 a, 25.77, 22 a, 31.49, 22 a, 44.73, 21 a, 89.70, 21 a, 133.71, 20 a, 267.64, 25 a, 2.68, 25 a, 0.03, 24 a, 10.36, 24 a, 0.07, 24 a, 22.73, 23 a, 0.09, 23 a, 39.19, 23 a, 0.12, 22 a, 157.26, 22 a, 0.19, 22 a, 603.17, 22 a, 0.34, 21 a, 2051.43, 21 a, 0.72, 50 c, Health-ClosedIssues0005.csv
71, 10000, 5, 3, 75, 0, 7, 22, 77 i, 1637.63, 77 i, 1897.81, 60 f, 2039.38, 75 i, 1901.18, 79 j, 2122.73, 60 f, 2229.35, 48 d, 2223.82, 69 h, 7.20, 65 g, 16.57, 65 g, 24.24, 62 f, 34.51, 51 d, 51.83, 54 d, 147.31, 40 c, 302.49, 77 i, 722.88, 58 f, 1051.61, 65 g, 2284.28, 64 g, 2826.22, 50 d, 7558.05, 28 b, 17312.90, 17 a, 25068.64, 63 g, 24.17, 62 f, 35.88, 55 e, 49.83, 55 e, 73.97, 49 d, 270.91, 36 c, 604.24, 54 e, 1157.21, 61 f, 17.48, 54 e, 23.06, 51 d, 35.38, 50 d, 43.62, 42 c, 75.69, 34 b, 166.07, 27 a, 350.31, 63 g, 2.67, 67 h, 0.05, 54 e, 10.50, 60 f, 0.07, 58 f, 22.30, 56 e, 0.08, 51 d, 39.10, 57 e, 0.12, 49 d, 158.25, 54 d, 0.19, 39 c, 586.75, 47 d, 1.71, 36 c, 2033.44, 39 c, 0.70, 75 i, Health-ClosedPRs0009.csv
81, 10000, 5, 3, 61, 10, 5, 19, 61 i, 1742.80, 55 g, 1824.91, 51 f, 1787.52, 62 i, 1738.51, 43 d, 2008.20, 49 e, 2039.33, 32 c, 2252.15, 54 g, 6.93, 51 f, 17.86, 52 f, 22.27, 52 f, 25.60, 50 f, 57.59, 41 d, 148.49, 34 c, 290.04, 58 h, 774.01, 48 e, 1003.65, 42 d, 1919.83, 42 d, 4300.57, 37 c, 8533.12, 25 b, 17470.28, 19 a, 24225.02, 62 i, 24.52, 50 f, 39.27, 53 g, 65.38, 50 f, 92.01, 46 e, 212.66, 36 c, 484.21, 26 b, 1196.73, 54 g, 15.24, 45 e, 24.35, 41 d, 44.69, 40 d, 49.29, 34 c, 85.78, 27 b, 163.88, 20 a, 347.21, 55 g, 2.48, 54 g, 0.05, 49 e, 11.04, 52 f, 0.07, 47 e, 22.89, 48 e, 0.08, 46 e, 39.57, 47 e, 0.11, 40 d, 162.20, 46 e, 0.20, 37 c, 612.71, 40 d, 0.35, 36 c, 2076.97, 36 c, 0.65, 61 i, Health-ClosedPRs0010.csv
98, 10000, 5, 3, 54, 0, 36, 1, 78 d, 2063.43, 20 b, 1113.33, 31 b, 1439.19, 47 b, 2509.19, 31 b, 1429.58, 78 d, 2585.61, 77 d, 2899.75, 4 a, 9.48, 42 b, 15.02, 47 c, 26.24, 39 b, 24.84, 0 a, 68.13, 4 a, 160.96, 0 a, 319.98, 50 c, 801.75, 0 a, 1403.63, 19 b, 1602.37, 50 c, 2206.93, 4 a, 8178.76, 0 a, 18277.60, 0 a, 24977.62, 66 c, 22.46, 0 a, 47.81, 0 a, 107.58, 0 a, 131.68, 0 a, 217.89, 31 b, 498.14, 11 a, 1134.18, 4 a, 18.46, 0 a, 25.32, 0 a, 33.21, 0 a, 45.60, 0 a, 89.92, 0 a, 155.07, 0 a, 322.94, 0 a, 2.97, 8 a, 0.15, 0 a, 10.91, 0 a, 0.14, 0 a, 24.17, 0 a, 0.09, 0 a, 39.54, 0 a, 0.11, 0 a, 161.87, 0 a, 0.18, 0 a, 584.95, 0 a, 0.36, 0 a, 2116.94, 0 a, 0.68, 54 c, Health-ClosedPRs0005.csv
65, 10000, 5, 3, 51, 16, 17, 28, 53 c, 163.77, 32 a, 174.43, 65 d, 212.07, 29 a, 200.12, 27 a, 248.72, 64 d, 330.09, 31 a, 492.94, 38 b, 6.97, 31 a, 18.17, 30 a, 24.80, 29 a, 34.04, 28 a, 68.27, 29 a, 147.69, 26 a, 269.65, 34 a, 2187.07, 32 a, 3126.94, 33 a, 3745.38, 34 b, 4819.17, 29 a, 11668.58, 27 a, 16014.64, 24 a, 23686.87, 43 b, 23.82, 30 a, 41.03, 40 b, 105.89, 28 a, 125.28, 28 a, 189.37, 30 a, 479.53, 21 a, 1495.04, 37 b, 16.07, 31 a, 21.84, 29 a, 38.54, 28 a, 43.63, 26 a, 92.52, 24 a, 165.54, 21 a, 351.82, 31 a, 2.55, 32 a, 0.04, 29 a, 11.09, 31 a, 0.07, 30 a, 23.18, 29 a, 0.08, 29 a, 39.95, 29 a, 0.11, 28 a, 159.91, 27 a, 0.19, 25 a, 603.33, 25 a, 0.35, 23 a, 2047.68, 24 a, 0.68, 51 c, Health-Commits0010.csv
97, 10000, 5, 3, 52, 0, 27, 2, 0 a, 120.75, 63 d, 150.16, 67 e, 163.06, 66 e, 186.92, 30 b, 204.23, 30 b, 286.41, 67 e, 458.14, 66 e, 7.08, 10 a, 14.38, 29 b, 26.06, 0 a, 33.49, 0 a, 60.77, 0 a, 112.96, 0 a, 308.63, 22 b, 1852.17, 3 a, 3083.44, 19 b, 4050.56, 0 a, 4983.39, 16 b, 11737.49, 3 a, 16916.26, 0 a, 23585.46, 43 c, 28.61, 7 a, 24.51, 66 e, 77.24, 0 a, 109.17, 0 a, 331.87, 0 a, 547.15, 66 e, 1321.46, 10 a, 15.44, 0 a, 29.97, 0 a, 32.02, 0 a, 48.15, 0 a, 91.40, 0 a, 177.08, 0 a, 344.31, 3 a, 2.59, 13 a, 0.06, 3 a, 9.51, 3 a, 0.11, 0 a, 23.58, 0 a, 0.10, 0 a, 38.76, 0 a, 0.10, 0 a, 159.57, 0 a, 0.18, 0 a, 580.44, 0 a, 0.39, 0 a, 2070.77, 0 a, 0.66, 52 d, Health-Commits0011.csv
62, 10000, 5, 3, 49, 9, 21, 25, 67 d, 428.58, 28 a, 598.96, 79 e, 574.30, 38 b, 625.12, 47 c, 534.56, 21 a, 821.92, 36 b, 967.64, 29 a, 7.80, 28 a, 14.40, 28 a, 25.35, 25 a, 33.64, 22 a, 51.93, 20 a, 111.71, 19 a, 284.49, 30 a, 1690.62, 29 a, 2884.00, 25 a, 3933.24, 25 a, 4963.11, 23 a, 10512.60, 21 a, 17313.38, 19 a, 26344.73, 30 a, 22.85, 28 a, 56.36, 24 a, 46.48, 26 a, 103.81, 25 a, 320.95, 22 a, 686.71, 18 a, 1488.59, 31 a, 16.84, 28 a, 20.01, 26 a, 38.60, 26 a, 48.45, 24 a, 85.88, 22 a, 140.82, 19 a, 309.60, 30 a, 2.40, 30 a, 0.04, 27 a, 10.47, 27 a, 0.07, 26 a, 22.33, 27 a, 0.08, 27 a, 39.54, 26 a, 0.12, 24 a, 158.37, 22 a, 0.19, 21 a, 597.80, 20 a, 0.37, 20 a, 2024.60, 18 a, 0.65, 49 c, Health-Commits0006.csv
91, 10000, 5, 3, 55, 5, 15, 10, 52 e, 263.69, 32 c, 414.49, 20 b, 371.42, 16 b, 413.54, 11 a, 407.55, 46 e, 653.11, 31 c, 712.68, 37 d, 6.87, 33 c, 13.55, 20 b, 21.97, 16 b, 25.81, 16 b, 69.82, 9 a, 119.06, 9 a, 266.15, 40 d, 1781.84, 22 b, 3275.22, 21 b, 4757.80, 16 b, 5063.42, 11 a, 10170.49, 9 a, 17684.37, 11 a, 23849.34, 35 d, 24.81, 29 c, 32.98, 25 c, 77.74, 21 b, 128.65, 12 a, 258.10, 11 a, 535.65, 9 a, 1263.33, 30 c, 16.52, 14 a, 29.31, 10 a, 36.12, 10 a, 48.57, 9 a, 90.00, 8 a, 174.51, 8 a, 263.94, 31 c, 2.31, 32 c, 0.04, 21 b, 10.41, 29 c, 0.06, 17 b, 22.76, 18 b, 0.08, 16 b, 38.07, 18 b, 0.11, 12 a, 161.59, 12 a, 0.21, 10 a, 607.47, 8 a, 0.36, 8 a, 2023.93, 8 a, 0.69, 55 e, Health-Commits0007.csv
60, 4400, 9, 1, 55, 0, 12, 22, 39 c, 225.73, 35 b, 193.35, 33 b, 303.53, 33 b, 244.03, 28 b, 373.50, 26 b, 472.00, 23 a, 699.17, 40 c, 73.29, 35 b, 161.29, 33 b, 194.97, 30 b, 347.28, 26 b, 562.47, 23 a, 1270.05, 20 a, 3631.59, 43 c, 1558.07, 35 b, 3465.17, 35 b, 5141.65, 34 b, 6830.02, 31 b, 12463.59, 29 b, 16885.63, 21 a, 27341.88, 40 c, 75.30, 37 c, 125.90, 35 b, 242.91, 32 b, 245.01, 26 b, 830.88, 23 a, 1342.16, 19 a, 3931.35, 39 c, 15.13, 35 b, 32.74, 33 b, 40.94, 32 b, 49.62, 29 b, 106.04, 27 b, 246.73, 24 a, 482.96, 43 c, 3.36, 41 c, 0.03, 34 b, 14.65, 34 b, 0.05, 33 b, 33.96, 34 b, 0.07, 34 b, 55.25, 31 b, 0.08, 27 b, 225.60, 27 b, 0.13, 22 a, 745.10, 22 a, 0.26, 20 a, 1994.97, 22 a, 0.48, 55 d, redis.csv
80, 10000, 5, 3, 46, 18, 6, 23, 48 f, 252.25, 35 d, 309.19, 43 e, 303.81, 43 e, 359.40, 34 c, 471.37, 27 b, 594.07, 27 b, 692.46, 39 d, 9.85, 32 c, 17.06, 34 c, 19.20, 34 c, 35.22, 29 b, 52.33, 31 c, 110.14, 23 a, 231.27, 36 d, 2600.64, 35 d, 3531.37, 35 c, 4210.52, 32 c, 4860.09, 32 c, 9980.32, 23 a, 16765.87, 22 a, 24458.97, 39 d, 14.07, 33 c, 59.54, 36 d, 115.63, 34 c, 100.92, 29 b, 277.25, 25 a, 445.55, 23 a, 1416.33, 40 d, 17.64, 31 c, 23.53, 30 b, 33.89, 28 b, 40.05, 25 a, 72.59, 25 a, 164.70, 22 a, 270.00, 37 d, 2.36, 38 d, 0.04, 35 d, 10.31, 37 d, 0.07, 31 c, 22.63, 34 c, 0.08, 32 c, 39.93, 32 c, 0.12, 26 b, 158.09, 29 b, 0.19, 24 a, 603.27, 26 b, 0.35, 23 a, 2037.50, 23 a, 0.73, 46 f, Health-Commits0008.csv
80, 10000, 5, 3, 60, 7, 29, 17, 30 b, 1289.60, 80 d, 1830.49, 17 a, 1524.67, 74 c, 2121.00, 17 a, 1659.86, 80 d, 2093.33, 17 a, 2174.39, 40 b, 7.49, 52 c, 15.40, 18 a, 24.55, 21 a, 32.47, 79 d, 66.52, 18 a, 145.32, 16 a, 231.01, 79 d, 594.26, 36 b, 1160.35, 17 a, 1215.33, 21 a, 2009.01, 18 a, 4276.87, 16 a, 18202.70, 74 d, 25043.24, 58 c, 21.66, 76 d, 29.58, 79 d, 65.95, 17 a, 97.96, 17 a, 250.08, 16 a, 559.06, 14 a, 1133.23, 23 a, 15.31, 17 a, 18.72, 17 a, 37.51, 17 a, 39.04, 17 a, 72.20, 15 a, 137.86, 14 a, 339.58, 17 a, 2.68, 24 a, 0.05, 18 a, 10.69, 18 a, 0.21, 18 a, 23.78, 18 a, 0.10, 17 a, 40.17, 18 a, 0.10, 16 a, 160.90, 17 a, 0.20, 15 a, 587.56, 17 a, 0.37, 15 a, 2104.39, 15 a, 0.69, 60 c, Health-ClosedIssues0002.csv
47, 10000, 5, 3, 76, 0, 19, 40, 90 e, 197.29, 90 e, 778.49, 90 e, 843.11, 90 e, 947.97, 88 e, 1003.58, 88 e, 315.15, 75 d, 1414.01, 60 c, 9.17, 52 b, 17.11, 49 b, 25.55, 49 b, 30.57, 49 b, 74.45, 49 b, 143.72, 42 a, 281.14, 63 c, 933.29, 89 e, 2094.64, 48 b, 4260.51, 48 b, 4684.15, 48 b, 8650.11, 38 a, 17131.11, 38 a, 24045.09, 50 b, 17.87, 49 b, 38.54, 81 d, 59.97, 71 d, 103.00, 49 b, 182.43, 35 a, 499.73, 45 a, 1019.22, 53 b, 15.60, 45 a, 31.48, 44 a, 31.51, 43 a, 39.07, 40 a, 83.39, 37 a, 138.48, 34 a, 272.88, 50 b, 2.99, 54 b, 0.05, 49 b, 11.06, 50 b, 0.08, 49 b, 22.60, 50 b, 0.08, 49 b, 38.69, 49 b, 0.09, 44 a, 158.32, 50 b, 0.19, 40 a, 574.51, 47 b, 0.36, 37 a, 2071.98, 42 a, 0.68, 76 d, Health-Commits0002.csv
88, 4608, 21, 2, 46, 23, 15, 26, 31 b, 205.80, 30 a, 238.42, 28 a, 281.77, 27 a, 347.93, 25 a, 411.98, 25 a, 574.30, 24 a, 856.16, 33 b, 10.69, 29 a, 31.66, 27 a, 43.61, 27 a, 48.62, 25 a, 78.77, 25 a, 193.09, 24 a, 374.87, 33 b, 2785.95, 28 a, 4193.71, 28 a, 5762.76, 27 a, 7037.54, 25 a, 9589.80, 24 a, 11218.34, 24 a, 14788.72, 33 b, 43.30, 29 a, 66.49, 28 a, 134.59, 28 a, 214.30, 26 a, 772.16, 26 a, 1510.69, 25 a, 3060.06, 34 b, 17.37, 30 a, 34.03, 28 a, 45.23, 25 a, 66.32, 24 a, 161.06, 23 a, 253.46, 23 a, 644.01, 27 a, 3.92, 27 a, 0.04, 25 a, 16.09, 25 a, 0.06, 25 a, 36.15, 25 a, 0.08, 25 a, 64.73, 24 a, 0.09, 24 a, 249.44, 24 a, 0.16, 24 a, 831.79, 24 a, 0.30, 23 a, 2283.40, 23 a, 0.61, 46 c, SS-U.csv
83, 2938, 20, 2, 39, 1, 18, 8, 35 c, 287.46, 31 c, 282.46, 32 c, 360.25, 30 c, 370.92, 31 c, 441.68, 24 c, 667.07, 28 c, 948.67, 35 c, 234.58, 31 c, 413.99, 27 c, 813.57, 25 c, 848.78, 22 b, 2066.89, 17 b, 5647.27, 10 a, 9441.50, 33 c, 3082.31, 37 d, 1363.27, 33 c, 1616.57, 34 c, 1853.45, 28 c, 2922.05, 28 c, 7577.27, 20 b, 13219.17, 15 b, 143.14, 18 b, 288.85, 22 b, 515.43, 10 a, 929.15, 7 a, 1643.27, 7 a, 3878.76, 6 a, 12995.75, 17 b, 19.98, 14 b, 44.78, 13 a, 59.58, 10 a, 88.29, 6 a, 179.09, 3 a, 433.86, 2 a, 961.26, 20 b, 6.27, 15 b, 0.03, 15 b, 25.07, 20 b, 0.05, 13 a, 54.32, 15 b, 0.07, 11 a, 92.89, 12 a, 0.09, 9 a, 356.07, 9 a, 0.16, 6 a, 1041.53, 7 a, 0.30, 4 a, 2102.13, 4 a, 0.55, 39 d, Life_Expectancy_Data.csv
90, 6840, 16, 2, 55, 0, 22, 6, 14 b, 179.04, 10 a, 253.20, 5 a, 262.03, 5 a, 298.15, 3 a, 394.74, 3 a, 570.86, 2 a, 769.82, 15 b, 19.04, 10 a, 21.85, 7 a, 32.87, 6 a, 46.58, 4 a, 102.62, 3 a, 185.62, 1 a, 368.42, 21 b, 2559.97, 9 a, 4642.51, 7 a, 5274.13, 4 a, 6837.70, 2 a, 8917.79, 1 a, 14527.09, 1 a, 22267.72, 15 b, 19.64, 10 a, 78.87, 8 a, 147.72, 7 a, 182.34, 4 a, 534.20, 3 a, 1140.14, 2 a, 2573.54, 26 c, 17.62, 14 b, 30.83, 12 a, 42.29, 9 a, 54.93, 4 a, 110.16, 1 a, 217.46, 1 a, 511.19, 22 b, 4.40, 31 c, 0.04, 18 b, 14.33, 27 c, 0.08, 12 a, 31.31, 17 b, 0.09, 11 a, 55.85, 18 b, 0.10, 9 a, 224.10, 11 a, 0.18, 4 a, 817.78, 9 a, 0.31, 3 a, 2551.40, 4 a, 0.58, 55 d, SS-V.csv
95, 19008, 9, 1, 15, 0, 27, 1, 1 a, 165.53, 1 a, 176.26, 1 a, 207.74, 1 a, 300.22, 1 a, 382.07, 1 a, 514.14, 1 a, 783.89, 1 a, 6.87, 1 a, 13.76, 1 a, 24.75, 1 a, 36.09, 1 a, 63.07, 1 a, 124.72, 1 a, 251.73, 1 a, 1548.98, 1 a, 2489.77, 1 a, 4957.60, 1 a, 6072.40, 1 a, 12134.64, 1 a, 19361.92, 1 a, 40703.38, 1 a, 39.62, 1 a, 26.23, 1 a, 93.80, 1 a, 170.45, 1 a, 384.93, 1 a, 831.91, 1 a, 1437.56, 1 a, 19.50, 1 a, 27.04, 1 a, 41.03, 0 a, 53.39, 0 a, 102.20, 0 a, 190.01, 0 a, 384.77, 1 a, 2.90, 1 a, 0.07, 1 a, 13.23, 1 a, 0.07, 1 a, 25.08, 1 a, 0.11, 1 a, 46.31, 1 a, 0.12, 0 a, 197.09, 0 a, 0.16, 0 a, 745.88, 0 a, 0.33, 0 a, 2840.62, 0 a, 0.55, 15 b, PostgreSQL.csv
90, 6764, 18, 1, 23, 0, 19, 2, 6 a, 1015.59, 4 a, 1182.50, 3 a, 1213.57, 2 a, 1177.49, 1 a, 1324.81, 1 a, 1431.33, 1 a, 1707.15, 5 a, 11.87, 3 a, 27.56, 2 a, 32.25, 2 a, 46.00, 1 a, 111.28, 1 a, 197.55, 1 a, 413.16, 8 a, 892.16, 4 a, 1370.85, 2 a, 1567.56, 3 a, 2859.25, 1 a, 8324.43, 1 a, 13459.01, 1 a, 23585.57, 5 a, 34.08, 2 a, 75.37, 2 a, 175.02, 2 a, 305.69, 1 a, 610.86, 1 a, 1376.09, 1 a, 3959.08, 5 a, 16.42, 4 a, 26.19, 3 a, 51.67, 2 a, 63.71, 1 a, 117.47, 1 a, 288.91, 0 a, 531.85, 6 a, 3.78, 5 a, 0.03, 3 a, 14.42, 3 a, 0.06, 3 a, 33.50, 2 a, 0.10, 2 a, 59.59, 2 a, 0.11, 1 a, 236.75, 1 a, 0.15, 1 a, 857.99, 1 a, 0.87, 1 a, 2695.76, 1 a, 0.50, 23 b, dconvert.csv
92, 7043, 19, 2, 39, 0, 25, 3, 40 c, 260.56, 5 a, 229.28, 36 c, 308.88, 60 d, 376.25, 55 d, 450.76, 43 c, 569.25, 44 c, 928.41, 31 c, 74.76, 3 a, 154.81, 2 a, 291.35, 2 a, 402.90, 4 a, 798.62, 1 a, 1764.40, 1 a, 3068.77, 8 a, 37667.62, 20 b, 2518.84, 37 c, 1864.05, 7 a, 2031.39, 5 a, 3777.96, 2 a, 5653.97, 3 a, 6649.01, 10 a, 58.32, 7 a, 141.89, 5 a, 277.83, 6 a, 377.69, 4 a, 975.19, 4 a, 2259.90, 4 a, 5728.74, 8 a, 17.82, 2 a, 46.37, 2 a, 49.15, 1 a, 71.56, 1 a, 127.97, 1 a, 296.86, 1 a, 595.66, 8 a, 4.33, 9 a, 0.04, 6 a, 14.91, 3 a, 0.06, 2 a, 35.75, 2 a, 0.08, 2 a, 63.08, 2 a, 0.10, 1 a, 257.42, 1 a, 0.18, 1 a, 914.46, 1 a, 0.33, 1 a, 2881.55, 1 a, 0.62, 39 c, WA_Fn-UseC_-Telco-Customer-Churn.csv
96, 86058, 11, 2, 58, 0, 17, 3, 8 a, 164.52, 5 a, 175.25, 2 a, 269.02, 2 a, 265.67, 1 a, 383.71, 1 a, 451.76, 0 a, 603.27, 12 b, 10.68, 6 a, 16.87, 3 a, 26.68, 2 a, 39.65, 1 a, 80.08, 1 a, 138.27, 0 a, 259.96, 15 b, 2589.08, 8 a, 4000.09, 3 a, 4555.13, 3 a, 5723.51, 1 a, 7840.96, 0 a, 12941.61, 0 a, 23948.05, 12 b, 26.97, 5 a, 67.75, 5 a, 106.11, 4 a, 147.42, 2 a, 426.42, 1 a, 926.14, 1 a, 2507.02, 35 d, 65.28, 29 c, 61.46, 26 c, 119.92, 22 c, 102.95, 17 b, 188.79, 14 b, 328.50, 10 b, 726.31, 39 d, 2.96, 39 d, 0.08, 33 c, 10.89, 32 c, 0.11, 30 c, 23.23, 30 c, 0.14, 28 c, 44.64, 28 c, 0.14, 24 c, 182.38, 23 c, 0.21, 19 b, 725.91, 19 b, 0.39, 18 b, 2741.35, 19 b, 0.74, 58 e, SS-X.csv
81, 2205, 31, 8, 74, 48, 7, 53, 57 b, 304.83, 54 a, 336.62, 53 a, 370.48, 53 a, 426.79, 52 a, 544.53, 51 a, 830.62, 50 a, 1193.17, 57 b, 91.82, 54 a, 260.32, 53 a, 347.40, 52 a, 537.02, 52 a, 1153.18, 51 a, 2547.98, 50 a, 4430.86, 59 b, 2930.86, 56 b, 4165.02, 54 a, 7215.57, 54 a, 11226.36, 52 a, 16330.48, 52 a, 27415.01, 51 a, 50209.27, 57 b, 118.96, 55 a, 257.26, 55 a, 391.56, 54 a, 621.33, 54 a, 1965.70, 52 a, 3261.45, 52 a, 9711.17, 65 d, 24.34, 61 c, 76.58, 60 b, 109.52, 58 b, 163.49, 54 a, 376.43, 52 a, 787.74, 50 a, 1271.29, 64 c, 10.01, 65 d, 0.04, 59 b, 40.87, 62 c, 0.08, 59 b, 91.03, 57 b, 0.11, 57 b, 153.43, 57 b, 0.16, 56 b, 558.43, 54 a, 0.31, 53 a, 1430.74, 53 a, 0.53, 51 a, 2047.11, 52 a, 0.99, 74 e, Marketing_Analytics.csv
82, 86058, 12, 1, 20, 0, 14, 4, 8 a, 675.88, 5 a, 616.89, 5 a, 177.47, 4 a, 784.78, 3 a, 792.59, 2 a, 800.35, 1 a, 1164.49, 7 a, 12.04, 6 a, 24.51, 5 a, 30.15, 4 a, 48.52, 3 a, 84.35, 2 a, 155.45, 1 a, 332.92, 9 b, 589.70, 4 a, 970.48, 4 a, 1799.62, 4 a, 2130.25, 3 a, 4523.88, 1 a, 20185.11, 0 a, 26382.14, 7 a, 25.09, 5 a, 42.81, 4 a, 125.93, 4 a, 159.15, 2 a, 328.10, 1 a, 1151.79, 1 a, 1982.63, 6 a, 49.57, 5 a, 70.94, 4 a, 101.19, 3 a, 109.43, 2 a, 263.37, 2 a, 370.59, 1 a, 687.66, 8 a, 3.42, 7 a, 0.08, 5 a, 13.79, 4 a, 0.11, 4 a, 30.64, 4 a, 0.11, 3 a, 59.51, 4 a, 0.12, 3 a, 233.28, 2 a, 0.24, 2 a, 935.06, 2 a, 0.40, 1 a, 3526.67, 1 a, 0.59, 20 c, exastencils.csv
86, 20000, 9, 3, 46, 9, 9, 14, 36 d, 562.86, 33 d, 712.18, 32 c, 717.29, 29 c, 1059.30, 26 c, 1223.48, 24 b, 1423.54, 20 b, 1615.72, 36 d, 2521.96, 31 c, 5596.27, 30 c, 8501.44, 29 c, 11516.30, 26 c, 26118.17, 23 b, 60598.03, 21 b, 139892.71, 34 d, 4774.00, 33 d, 9238.82, 29 c, 11474.21, 27 c, 16816.04, 25 b, 36383.60, 24 b, 57927.83, 21 b, 121777.64, 36 d, 1847.82, 33 d, 3140.35, 32 c, 4812.46, 30 c, 6199.92, 26 c, 14018.56, 25 b, 33103.09, 22 b, 78049.86, 36 d, 24.02, 30 c, 42.32, 26 b, 55.99, 25 b, 81.08, 22 b, 161.15, 19 b, 317.50, 14 a, 627.14, 35 d, 3.86, 34 d, 0.05, 31 c, 15.28, 30 c, 0.09, 31 c, 36.83, 30 c, 0.10, 28 c, 65.02, 29 c, 0.12, 26 c, 266.94, 26 c, 1.65, 21 b, 1014.52, 23 b, 0.39, 22 b, 3740.04, 21 b, 0.74, 46 e, pom3c.csv
79, 65536, 16, 2, 52, 9, 11, 18, 37 d, 200.06, 32 c, 188.50, 30 c, 310.20, 29 b, 282.96, 28 b, 376.76, 27 b, 628.35, 22 b, 943.78, 40 d, 10.73, 36 c, 24.34, 35 c, 34.99, 34 c, 37.24, 31 c, 83.42, 28 b, 144.18, 22 b, 283.90, 36 c, 2614.67, 33 c, 4644.71, 31 c, 5282.72, 28 b, 5564.59, 26 b, 8317.66, 26 b, 9070.68, 26 b, 8266.81, 40 d, 44.50, 36 c, 70.86, 35 c, 153.07, 35 c, 179.73, 31 c, 520.41, 28 b, 1784.60, 27 b, 3997.05, 41 d, 47.07, 37 d, 88.73, 32 c, 110.69, 31 c, 103.52, 25 b, 238.80, 22 b, 438.26, 18 a, 642.47, 39 d, 3.34, 38 d, 0.07, 36 c, 13.22, 33 c, 0.09, 33 c, 30.36, 32 c, 0.13, 32 c, 53.90, 31 c, 0.15, 27 b, 234.48, 29 b, 0.26, 27 b, 928.99, 24 b, 0.43, 23 b, 3590.25, 23 b, 0.78, 52 e, SS-W.csv
76, 20000, 9, 3, 34, 1, 11, 8, 18 c, 699.55, 14 b, 700.54, 12 b, 667.49, 12 a, 790.77, 10 a, 1167.54, 10 a, 1306.24, 7 a, 1675.27, 18 c, 2353.38, 14 b, 5163.34, 13 b, 9018.36, 12 a, 12251.12, 9 a, 28930.25, 8 a, 63580.67, 6 a, 155817.97, 19 c, 5454.22, 16 b, 10492.62, 15 b, 12138.37, 11 a, 16604.40, 8 a, 30379.20, 7 a, 54271.12, 6 a, 72998.36, 18 c, 1497.59, 14 b, 2980.56, 13 b, 4302.82, 11 a, 6231.68, 10 a, 18270.88, 9 a, 33054.72, 7 a, 76946.36, 21 c, 24.54, 16 b, 45.16, 13 b, 50.15, 10 a, 72.13, 9 a, 158.30, 5 a, 316.39, 5 a, 591.91, 19 c, 5.66, 20 c, 0.05, 14 b, 15.52, 16 b, 0.11, 15 b, 37.10, 15 b, 0.10, 13 b, 65.42, 13 b, 0.11, 11 a, 262.54, 11 a, 0.22, 7 a, 1050.39, 8 a, 0.38, 6 a, 3813.22, 6 a, 0.75, 34 d, pom3b.csv
80, 20000, 9, 3, 34, 1, 11, 8, 20 c, 630.16, 16 b, 983.80, 15 b, 692.12, 14 b, 835.62, 10 a, 1173.84, 9 a, 1358.73, 7 a, 1703.75, 19 c, 2391.33, 15 b, 5222.17, 14 b, 8646.44, 13 b, 11292.70, 9 a, 30698.69, 8 a, 55318.53, 6 a, 135235.83, 20 c, 4808.03, 14 b, 10714.39, 13 b, 11197.60, 14 b, 14664.67, 9 a, 22394.32, 7 a, 54345.56, 6 a, 66765.97, 19 c, 1613.07, 15 b, 2931.48, 12 b, 5390.97, 12 b, 8081.26, 9 a, 14136.36, 7 a, 33823.68, 6 a, 80555.45, 19 c, 24.77, 13 b, 45.94, 10 a, 51.97, 8 a, 81.86, 6 a, 161.57, 5 a, 301.16, 4 a, 586.86, 19 c, 5.50, 20 c, 0.07, 16 b, 15.22, 17 b, 0.11, 14 b, 38.56, 13 b, 0.11, 11 a, 66.37, 12 b, 0.12, 10 a, 262.18, 10 a, 0.21, 8 a, 1040.43, 8 a, 0.38, 7 a, 3920.08, 6 a, 0.80, 34 d, pom3a.csv
95, 68640, 14, 1, 13, 0, 18, 1, 2 a, 715.56, 1 a, 816.67, 1 a, 782.14, 0 a, 777.22, 0 a, 987.48, 0 a, 1089.78, 0 a, 1371.30, 1 a, 12.29, 1 a, 23.17, 0 a, 33.52, 0 a, 57.26, 0 a, 95.62, 0 a, 129.96, 0 a, 334.52, 2 a, 766.12, 1 a, 1401.40, 1 a, 1682.96, 1 a, 2444.50, 0 a, 4608.25, 0 a, 13157.13, 0 a, 26650.94, 1 a, 28.15, 1 a, 80.95, 1 a, 159.44, 1 a, 189.25, 0 a, 565.77, 0 a, 1215.49, 0 a, 2492.07, 1 a, 55.04, 1 a, 76.10, 1 a, 81.01, 1 a, 138.80, 1 a, 246.92, 0 a, 376.96, 0 a, 876.52, 1 a, 6.62, 1 a, 0.08, 1 a, 15.12, 1 a, 0.10, 1 a, 30.82, 1 a, 0.12, 0 a, 58.19, 1 a, 0.15, 0 a, 263.66, 0 a, 0.23, 0 a, 976.06, 0 a, 1.07, 0 a, 3871.49, 0 a, 0.64, 13 b, 7z.csv
67, 4653, 38, 1, 46, 0, 18, 15, 24 b, 294.12, 20 a, 459.88, 19 a, 489.71, 17 a, 467.36, 16 a, 747.58, 14 a, 926.74, 13 a, 1311.28, 28 b, 18.95, 21 a, 46.86, 20 a, 75.74, 19 a, 102.56, 16 a, 200.94, 14 a, 277.96, 12 a, 695.54, 32 c, 2544.75, 22 a, 5033.19, 21 a, 8116.81, 19 a, 10028.81, 15 a, 14691.57, 15 a, 25872.41, 12 a, 46247.07, 28 b, 49.66, 24 b, 110.28, 23 b, 295.19, 21 a, 491.15, 19 a, 1133.99, 16 a, 2686.73, 14 a, 6124.35, 26 b, 23.50, 17 a, 50.03, 15 a, 90.82, 14 a, 113.63, 11 a, 249.69, 9 a, 522.37, 7 a, 1091.97, 25 b, 6.11, 22 b, 0.03, 19 a, 25.71, 20 a, 0.06, 17 a, 56.78, 16 a, 0.08, 16 a, 100.41, 15 a, 0.09, 12 a, 398.96, 14 a, 0.15, 9 a, 1335.29, 11 a, 0.29, 8 a, 3523.62, 11 a, 0.52, 46 d, SQL_AllMeasurements.csv
72, 10127, 19, 4, 77, 25, 13, 40, 59 c, 1225.91, 43 a, 1218.30, 67 e, 1363.66, 59 c, 1433.75, 40 a, 1454.00, 50 b, 1544.17, 84 g, 2047.19, 70 e, 286.24, 69 e, 659.74, 58 c, 1070.52, 51 b, 1277.21, 45 b, 2658.71, 40 a, 7026.72, 39 a, 13895.10, 62 d, 1263.85, 57 c, 2359.47, 57 c, 2949.77, 48 b, 3820.63, 55 c, 11317.58, 43 a, 26473.32, 38 a, 45574.32, 54 c, 272.96, 45 b, 442.44, 40 a, 916.62, 40 a, 1293.98, 40 a, 2872.19, 37 a, 5127.54, 38 a, 16773.58, 55 c, 25.45, 46 b, 46.95, 43 a, 84.57, 41 a, 89.05, 39 a, 218.22, 36 a, 448.07, 33 a, 726.87, 57 c, 5.72, 55 c, 0.05, 49 b, 23.68, 53 c, 0.09, 49 b, 53.59, 50 b, 0.10, 46 b, 97.06, 47 b, 0.13, 44 a, 414.26, 43 a, 0.23, 40 a, 1533.90, 41 a, 0.42, 38 a, 5187.38, 38 a, 0.85, 77 f, BankChurners.csv
58, 53662, 17, 1, 34, 0, 8, 14, 22 b, 312.19, 18 b, 393.15, 16 a, 315.38, 16 a, 434.02, 14 a, 471.61, 14 a, 682.01, 13 a, 1043.29, 20 b, 58.49, 18 b, 117.46, 16 a, 195.84, 16 a, 203.10, 14 a, 412.22, 14 a, 1211.31, 13 a, 2079.60, 21 b, 2219.24, 18 b, 3672.95, 16 a, 4004.00, 14 a, 5422.81, 14 a, 7927.97, 14 a, 15397.07, 12 a, 30860.42, 20 b, 47.16, 17 b, 111.05, 16 a, 202.26, 16 a, 288.63, 14 a, 767.86, 13 a, 1731.16, 12 a, 5072.09, 26 c, 54.60, 22 b, 81.91, 22 b, 127.90, 21 b, 115.55, 21 b, 267.33, 21 b, 435.41, 21 b, 1145.63, 25 c, 5.60, 25 c, 0.08, 21 b, 22.92, 23 b, 0.10, 20 b, 55.05, 22 b, 0.11, 16 a, 88.53, 19 b, 0.13, 14 a, 400.73, 18 b, 0.19, 12 a, 1609.57, 15 a, 0.35, 10 a, 6134.43, 13 a, 0.61, 34 d, x264.csv
57, 53662, 17, 2, 25, 0, 6, 11, 15 b, 217.04, 14 b, 246.12, 12 a, 285.96, 12 a, 353.10, 11 a, 458.17, 10 a, 582.54, 10 a, 979.02, 15 b, 51.73, 12 a, 105.60, 12 a, 166.73, 12 a, 202.65, 11 a, 487.03, 10 a, 1187.36, 9 a, 2080.07, 17 c, 3606.31, 13 a, 5600.52, 12 a, 6922.52, 12 a, 7513.36, 11 a, 10754.38, 10 a, 19379.81, 9 a, 28728.15, 15 b, 51.98, 13 a, 131.54, 12 a, 185.61, 12 a, 358.58, 11 a, 1082.08, 11 a, 2499.98, 10 a, 5270.15, 20 c, 54.48, 17 c, 71.88, 16 b, 130.82, 16 b, 144.26, 15 b, 281.88, 15 b, 486.39, 15 b, 1201.59, 19 c, 6.14, 19 c, 0.07, 16 b, 28.50, 17 c, 0.10, 15 b, 56.18, 17 b, 0.12, 13 b, 98.76, 14 b, 0.15, 11 a, 447.76, 13 b, 0.25, 9 a, 1771.41, 11 a, 0.39, 8 a, 6803.88, 10 a, 0.72, 25 d, SS-N.csv
80, 10000, 24, 4, 24, 1, 9, 6, 12 b, 414.31, 10 b, 519.08, 8 a, 552.93, 8 a, 565.04, 6 a, 715.34, 6 a, 1091.27, 5 a, 1299.92, 14 c, 941.79, 11 b, 2177.88, 9 b, 3973.02, 9 b, 5068.61, 7 a, 12116.85, 7 a, 29559.51, 4 a, 49844.59, 14 c, 3612.42, 12 b, 6554.72, 9 b, 6741.47, 7 a, 9124.19, 7 a, 19376.29, 6 a, 31044.47, 4 a, 71893.92, 14 c, 567.30, 11 b, 1203.61, 10 b, 1841.08, 9 b, 2572.01, 7 a, 6417.09, 5 a, 13548.18, 4 a, 39730.55, 14 c, 23.56, 10 b, 55.90, 8 a, 99.52, 7 a, 136.05, 4 a, 245.21, 2 a, 598.55, 2 a, 1012.78, 15 c, 8.08, 12 b, 0.05, 11 b, 34.83, 9 b, 0.07, 9 b, 78.55, 10 b, 0.10, 8 a, 139.34, 9 b, 0.12, 7 a, 568.78, 7 a, 0.21, 5 a, 2171.28, 5 a, 0.41, 4 a, 7217.12, 4 a, 0.73, 24 d, xomo_osp.csv
76, 10000, 24, 4, 26, 0, 11, 6, 15 b, 535.13, 12 b, 602.09, 9 a, 733.39, 9 a, 640.39, 7 a, 937.75, 7 a, 1021.48, 4 a, 1629.43, 14 b, 1017.54, 11 b, 2739.07, 9 a, 3524.08, 9 a, 5475.45, 7 a, 11092.59, 5 a, 30014.18, 4 a, 59236.52, 15 b, 3408.77, 11 b, 6064.91, 9 a, 7385.74, 9 a, 9482.59, 5 a, 17548.75, 4 a, 30003.78, 3 a, 65917.14, 14 b, 752.18, 11 b, 1162.97, 9 a, 1872.38, 9 a, 2555.17, 7 a, 5948.06, 4 a, 13479.75, 4 a, 33484.28, 13 b, 24.71, 8 a, 53.20, 6 a, 100.21, 6 a, 136.74, 4 a, 290.69, 2 a, 505.51, 2 a, 1022.22, 14 b, 8.20, 13 b, 0.04, 11 b, 36.15, 9 a, 0.07, 7 a, 80.62, 9 a, 0.10, 7 a, 140.73, 7 a, 0.12, 6 a, 586.46, 6 a, 0.23, 4 a, 2237.45, 5 a, 0.39, 3 a, 7544.29, 3 a, 0.75, 26 c, xomo_flight.csv
79, 10000, 24, 4, 37, 7, 12, 13, 22 b, 378.06, 20 b, 412.43, 18 b, 463.62, 17 a, 513.87, 15 a, 653.70, 14 a, 1016.28, 11 a, 1492.37, 23 b, 630.04, 21 b, 1472.90, 19 b, 2022.89, 18 b, 2702.30, 16 a, 6276.66, 14 a, 15557.33, 12 a, 31712.30, 24 b, 3265.85, 21 b, 5089.92, 18 b, 6485.36, 18 b, 6181.09, 15 a, 15490.57, 14 a, 29100.56, 12 a, 36987.41, 23 b, 383.93, 21 b, 714.57, 19 b, 1215.00, 18 b, 2066.55, 15 a, 5460.70, 14 a, 8818.24, 12 a, 27962.79, 26 c, 23.78, 19 b, 59.82, 15 a, 103.14, 15 a, 115.31, 11 a, 289.56, 9 a, 597.20, 8 a, 1193.24, 23 b, 8.12, 22 b, 0.04, 18 b, 36.16, 20 b, 0.07, 19 b, 79.66, 18 b, 0.10, 16 a, 134.86, 18 b, 0.20, 15 a, 580.32, 14 a, 0.21, 14 a, 2212.33, 14 a, 0.42, 12 a, 7337.37, 11 a, 0.75, 37 d, xomo_osp2.csv
78, 10000, 24, 4, 27, 1, 9, 6, 16 c, 497.73, 14 b, 580.81, 12 b, 593.77, 11 b, 579.35, 9 a, 754.48, 8 a, 1002.46, 6 a, 1478.15, 20 c, 999.90, 15 b, 2797.94, 13 b, 3575.02, 12 b, 4779.09, 10 b, 11353.10, 8 a, 23206.33, 5 a, 49141.24, 16 c, 3893.33, 14 b, 6136.37, 11 b, 7321.18, 11 b, 9541.11, 8 a, 20466.31, 8 a, 33724.89, 6 a, 77420.96, 20 c, 805.43, 15 c, 1740.05, 13 b, 1871.24, 11 b, 3001.80, 10 a, 7716.13, 7 a, 13520.44, 6 a, 43343.32, 18 c, 26.73, 13 b, 50.98, 10 b, 91.01, 9 a, 131.58, 6 a, 298.90, 3 a, 592.96, 2 a, 1243.49, 18 c, 8.45, 18 c, 0.04, 13 b, 36.03, 10 b, 0.06, 12 b, 83.37, 11 b, 0.10, 10 b, 148.41, 11 b, 0.13, 6 a, 618.09, 8 a, 0.22, 6 a, 2333.26, 6 a, 0.38, 6 a, 7686.75, 5 a, 0.78, 27 d, xomo_ground.csv
75, 21759, 35, 3, 93, 34, 10, 48, 80 e, 908.73, 81 e, 998.09, 82 f, 1026.13, 77 e, 1085.60, 77 e, 1197.95, 78 e, 1680.87, 71 d, 2473.24, 75 e, 1100.01, 75 d, 2228.46, 70 d, 4557.80, 68 d, 4792.05, 63 c, 10001.49, 56 b, 24829.79, 47 a, 69674.37, 77 e, 8504.08, 80 e, 688.23, 81 e, 873.19, 77 e, 1492.74, 67 c, 2373.51, 60 c, 6751.48, 57 b, 12233.30, 78 e, 791.32, 77 e, 1633.75, 69 d, 2659.67, 66 c, 3657.17, 57 b, 6638.51, 53 b, 15603.37, 48 a, 48679.84, 78 e, 38.00, 75 e, 73.66, 72 d, 136.41, 70 d, 208.39, 66 c, 430.98, 64 c, 688.20, 62 c, 1665.28, 78 e, 9.84, 71 d, 0.07, 74 d, 39.83, 67 c, 0.09, 63 c, 92.32, 63 c, 0.10, 64 c, 172.14, 70 d, 0.11, 60 c, 725.26, 53 b, 0.23, 53 b, 2843.62, 52 b, 0.41, 51 a, 10445.31, 48 a, 0.81, 93 g, Data_COVID19_Indonesia.csv
81, 10000, 88, 3, 52, 34, 7, 37, 44 c, 1152.42, 42 b, 1194.10, 41 b, 1312.52, 41 b, 1365.09, 39 a, 1637.57, 38 a, 2119.58, 36 a, 3110.91, 45 c, 17.36, 41 b, 22.78, 41 b, 43.38, 40 b, 51.43, 39 a, 104.35, 38 a, 227.02, 36 a, 435.47, 43 b, 1191.51, 43 b, 2283.08, 41 b, 3128.93, 38 a, 5876.64, 37 a, 12293.34, 37 a, 12013.76, 37 a, 22658.01, 45 c, 58.91, 41 b, 50.61, 40 b, 138.98, 40 a, 197.49, 38 a, 504.42, 37 a, 1202.94, 36 a, 2913.71, 44 b, 30.04, 42 b, 118.68, 40 b, 192.48, 39 a, 263.23, 37 a, 502.35, 35 a, 1199.10, 35 a, 2401.40, 42 b, 12.10, 44 b, 0.04, 43 b, 52.12, 43 b, 0.07, 41 b, 119.54, 40 b, 0.08, 40 b, 208.38, 41 b, 0.12, 39 a, 905.46, 39 a, 0.21, 38 a, 3359.40, 38 a, 0.37, 37 a, 11448.69, 37 a, 0.70, 52 d, billing10k.csv
99, 25000, 64, 1, 46, 0, 50, 0, 10 a, 396.09, 0 a, 473.19, 0 a, 565.07, 0 a, 779.06, 0 a, 1239.62, 0 a, 1605.32, 0 a, 2351.53, 0 a, 73.20, 0 a, 121.39, 0 a, 189.18, 0 a, 233.83, 0 a, 493.88, 0 a, 897.50, 0 a, 1427.38, 0 a, 3899.30, 0 a, 7126.62, 0 a, 8855.92, 0 a, 12240.17, 0 a, 19742.60, 0 a, 31962.56, 0 a, 79933.84, 0 a, 101.47, 0 a, 271.95, 0 a, 426.50, 0 a, 764.39, 0 a, 2605.11, 0 a, 6926.33, 0 a, 11430.49, 0 a, 45.15, 0 a, 93.56, 0 a, 156.25, 0 a, 244.20, 0 a, 558.71, 0 a, 905.61, 0 a, 1743.34, 0 a, 10.75, 5 a, 0.04, 0 a, 46.03, 0 a, 0.08, 0 a, 101.42, 0 a, 0.09, 0 a, 186.05, 0 a, 0.10, 0 a, 794.70, 0 a, 0.21, 0 a, 3143.71, 0 a, 0.29, 0 a, 11878.87, 0 a, 0.61, 46 b, Medical_Data_and_Hospital_Readmissions.csv
93, 166975, 35, 1, 2, 0, 3, 0, 0 a, 416.82, 0 a, 579.43, 0 a, 708.95, 0 a, 798.86, 0 a, 1332.47, 0 a, 2038.53, 0 a, 4462.57, 0 a, 89.97, 0 a, 215.98, 0 a, 285.87, 0 a, 340.03, 0 a, 722.06, 0 a, 1571.84, 0 a, 2858.11, 0 a, 3164.29, 0 a, 6080.44, 0 a, 7363.67, 0 a, 9236.98, 0 a, 16700.83, 0 a, 26439.89, 0 a, 54548.90, 0 a, 102.54, 0 a, 296.40, 0 a, 649.77, 0 a, 634.06, 0 a, 1727.62, 0 a, 3351.69, 0 a, 8211.03, 0 a, 149.98, 0 a, 225.47, 0 a, 241.90, 0 a, 288.47, 0 a, 579.15, 0 a, 1121.09, 0 a, 2172.46, 0 a, 9.59, 0 a, 0.08, 0 a, 38.69, 0 a, 0.11, 0 a, 89.76, 0 a, 0.12, 0 a, 162.93, 0 a, 0.15, 0 a, 708.14, 0 a, 0.25, 0 a, 2836.31, 0 a, 0.37, 0 a, 11255.98, 0 a, 0.67, 2 b, javagc.csv
83, 10000, 124, 3, 52, 28, 8, 32, 41 c, 679.76, 40 b, 783.94, 38 b, 954.18, 38 b, 995.80, 34 a, 1453.24, 33 a, 2190.39, 31 a, 3607.78, 42 c, 24.25, 38 b, 46.82, 37 b, 69.88, 36 b, 80.23, 34 a, 181.99, 33 a, 309.32, 30 a, 459.13, 41 c, 3476.52, 39 b, 7134.36, 37 b, 9454.97, 35 b, 11573.92, 32 a, 18031.18, 31 a, 23976.95, 31 a, 28307.63, 42 c, 69.53, 37 b, 117.07, 36 b, 166.37, 35 a, 257.39, 33 a, 643.48, 31 a, 1643.71, 31 a, 3107.29, 40 b, 41.92, 36 b, 152.80, 34 a, 242.90, 33 a, 354.63, 30 a, 692.34, 29 a, 1683.55, 28 a, 2623.72, 44 c, 16.87, 40 c, 0.04, 39 b, 71.36, 40 b, 0.06, 37 b, 161.70, 38 b, 0.08, 36 b, 286.50, 36 b, 0.12, 35 b, 1240.56, 36 b, 0.21, 34 a, 4654.43, 33 a, 0.41, 32 a, 15886.76, 32 a, 0.75, 52 d, Scrum10k.csv
81, 10000, 128, 3, 53, 25, 9, 30, 42 c, 992.07, 40 c, 1020.48, 38 b, 1232.49, 38 b, 1337.83, 34 b, 1747.22, 33 a, 2656.94, 31 a, 3804.70, 41 c, 31.45, 40 c, 57.05, 38 b, 80.40, 37 b, 131.16, 33 a, 213.54, 31 a, 422.82, 30 a, 811.68, 41 c, 2458.59, 38 b, 3684.31, 36 b, 4775.80, 35 b, 10385.48, 32 a, 19698.45, 31 a, 38374.28, 30 a, 80386.01, 41 c, 70.93, 39 b, 89.85, 38 b, 236.50, 37 b, 383.08, 35 b, 826.29, 33 a, 1911.97, 33 a, 5133.44, 41 c, 57.88, 34 b, 165.11, 31 a, 216.27, 30 a, 389.85, 27 a, 692.85, 26 a, 1427.90, 25 a, 3461.62, 40 c, 18.47, 42 c, 0.04, 37 b, 76.12, 37 b, 0.07, 36 b, 177.51, 35 b, 0.09, 36 b, 306.12, 35 b, 0.11, 33 a, 1342.18, 33 a, 0.22, 29 a, 4947.59, 31 a, 0.40, 29 a, 16859.48, 29 a, 0.76, 53 d, FFM-125-25-0.50-SAT-1.csv
84, 10000, 256, 3, 51, 34, 7, 37, 43 b, 1101.35, 40 b, 1373.65, 40 b, 1493.62, 39 b, 1852.01, 39 a, 2319.29, 38 a, 4707.36, 35 a, 6897.25, 43 c, 22.12, 42 b, 43.40, 41 b, 68.79, 40 b, 85.80, 39 a, 146.29, 37 a, 320.72, 35 a, 573.30, 44 c, 3046.91, 42 b, 6277.75, 40 b, 8306.63, 40 b, 14631.76, 37 a, 26300.65, 37 a, 27544.26, 36 a, 48379.06, 43 c, 63.02, 41 b, 78.38, 40 b, 184.91, 40 b, 221.71, 38 a, 591.35, 37 a, 1385.81, 37 a, 2976.79, 45 c, 105.60, 40 b, 317.84, 38 a, 502.31, 37 a, 627.91, 35 a, 1639.17, 34 a, 3526.69, 34 a, 7066.90, 43 c, 33.39, 42 b, 0.04, 42 b, 144.63, 42 b, 0.06, 40 b, 327.03, 42 b, 0.09, 39 b, 595.20, 40 b, 0.12, 39 a, 2511.47, 38 a, 0.22, 38 a, 9363.43, 37 a, 0.38, 36 a, 31740.09, 36 a, 0.87, 51 d, FFM-250-50-0.50-SAT-1.csv
83, 10000, 513, 3, 53, 26, 8, 30, 43 c, 2874.47, 40 c, 3489.18, 39 b, 3858.66, 38 b, 3988.10, 36 b, 5994.73, 35 b, 9156.13, 29 a, 15463.12, 43 c, 82.85, 40 c, 153.12, 40 c, 215.69, 39 b, 277.41, 35 b, 465.61, 32 a, 842.42, 28 a, 1965.60, 42 c, 7589.04, 41 c, 14677.62, 38 b, 17021.63, 36 b, 22218.01, 31 a, 29775.64, 30 a, 58818.41, 30 a, 156679.82, 43 c, 92.44, 39 b, 231.44, 37 b, 350.85, 36 b, 508.64, 34 b, 1074.55, 32 a, 2746.50, 30 a, 5304.80, 44 c, 186.10, 36 b, 620.34, 33 a, 984.74, 33 a, 1364.49, 29 a, 3265.64, 27 a, 6403.71, 27 a, 12963.71, 44 c, 65.15, 42 c, 0.04, 41 c, 282.70, 39 b, 0.07, 39 b, 653.72, 36 b, 0.09, 37 b, 1170.60, 37 b, 0.12, 35 b, 4995.90, 35 b, 0.23, 33 a, 18698.72, 32 a, 0.40, 30 a, 63024.16, 31 a, 0.82, 53 d, FM-500-100-0.50-SAT-1.csv
83, 10000, 511, 3, 54, 27, 9, 32, 42 c, 2726.34, 40 c, 3276.63, 38 b, 3181.78, 37 b, 3936.71, 35 b, 5533.04, 34 a, 8726.46, 28 a, 13469.07, 42 c, 51.01, 38 b, 96.75, 37 b, 154.00, 36 b, 178.41, 34 a, 395.24, 32 a, 723.52, 29 a, 1403.70, 43 c, 6855.47, 38 b, 12710.55, 36 b, 16402.18, 33 a, 20841.63, 31 a, 35270.57, 32 a, 38180.98, 31 a, 46644.48, 42 c, 102.82, 38 b, 133.96, 36 b, 255.75, 36 b, 265.29, 33 a, 787.16, 31 a, 1548.06, 30 a, 3306.85, 41 c, 203.72, 37 b, 624.27, 34 a, 973.99, 33 a, 1409.69, 30 a, 3069.65, 28 a, 6308.79, 27 a, 13687.97, 43 c, 64.89, 43 c, 0.04, 39 b, 284.79, 41 c, 0.06, 39 b, 649.65, 38 b, 0.10, 38 b, 1164.95, 37 b, 0.13, 36 b, 4960.54, 37 b, 0.21, 34 a, 18568.63, 34 a, 0.38, 32 a, 63379.22, 32 a, 0.82, 54 d, FM-500-100-0.75-SAT-1.csv
83, 10000, 510, 3, 52, 28, 8, 32, 40 b, 2944.13, 37 b, 2890.81, 37 b, 3482.66, 36 b, 4417.30, 34 a, 6400.93, 32 a, 8068.15, 30 a, 12591.56, 43 c, 67.02, 40 b, 139.58, 39 b, 205.80, 37 b, 234.49, 34 a, 423.85, 32 a, 1232.99, 29 a, 1889.97, 40 b, 8181.52, 36 b, 13698.48, 35 b, 12473.64, 35 b, 18296.25, 31 a, 40927.71, 31 a, 63633.80, 30 a, 94116.63, 43 c, 95.70, 39 b, 230.84, 38 b, 347.76, 37 b, 453.14, 34 a, 1199.13, 32 a, 2405.80, 31 a, 4832.75, 43 c, 178.56, 36 b, 607.71, 35 a, 1026.29, 33 a, 1434.40, 30 a, 2814.79, 29 a, 5407.61, 29 a, 13644.42, 42 c, 65.79, 44 c, 0.04, 39 b, 287.88, 39 b, 0.07, 36 b, 651.91, 38 b, 0.09, 36 b, 1168.98, 37 b, 0.12, 35 a, 4970.36, 36 b, 0.21, 34 a, 18839.18, 33 a, 0.43, 32 a, 63494.03, 33 a, 0.85, 52 d, FFM-500-100-0.50-SAT-1.csv
85, 10000, 511, 3, 53, 28, 9, 32, 42 c, 2429.58, 39 b, 2524.61, 37 b, 3773.45, 36 b, 3709.06, 34 a, 5501.48, 33 a, 7984.30, 30 a, 13600.48, 40 b, 47.81, 37 b, 82.70, 36 b, 127.53, 35 b, 160.35, 34 a, 302.86, 33 a, 662.46, 30 a, 1354.89, 42 c, 6688.39, 39 b, 11248.44, 35 b, 18279.83, 33 a, 21888.81, 31 a, 36962.30, 32 a, 41317.81, 31 a, 54752.29, 40 b, 106.90, 38 b, 160.12, 36 b, 215.70, 36 b, 539.02, 33 a, 1057.95, 31 a, 1837.02, 30 a, 3701.30, 43 c, 158.41, 36 b, 585.09, 34 a, 983.66, 33 a, 1340.69, 30 a, 3034.96, 29 a, 6691.87, 28 a, 12834.29, 42 c, 66.56, 42 c, 0.04, 39 b, 284.57, 39 b, 0.07, 38 b, 656.69, 38 b, 0.10, 36 b, 1168.71, 37 b, 0.11, 35 a, 4969.34, 33 a, 0.25, 33 a, 18644.76, 33 a, 0.38, 31 a, 63811.91, 32 a, 2.67, 53 d, FM-500-100-1.00-SAT-1.csv
82, 10000, 517, 3, 52, 33, 7, 36, 45 c, 2967.29, 43 b, 3468.72, 42 b, 3931.84, 42 b, 4197.95, 40 b, 4877.43, 40 b, 8918.31, 36 a, 15287.47, 46 c, 52.83, 44 c, 79.55, 43 b, 126.91, 42 b, 211.41, 40 b, 360.34, 38 a, 702.26, 35 a, 1464.42, 46 c, 6954.40, 42 b, 13421.61, 42 b, 15897.91, 40 b, 23891.96, 37 a, 38926.39, 36 a, 82526.97, 35 a, 120569.37, 46 c, 92.54, 44 c, 189.37, 42 b, 281.66, 41 b, 413.99, 38 a, 990.61, 37 a, 2293.97, 36 a, 7044.84, 45 c, 203.31, 39 b, 594.31, 38 a, 838.76, 37 a, 1407.36, 35 a, 3171.87, 34 a, 6550.36, 34 a, 13164.83, 43 b, 66.16, 43 b, 0.04, 41 b, 283.94, 43 b, 0.07, 40 b, 654.30, 40 b, 0.10, 40 b, 1171.15, 40 b, 0.12, 38 a, 4992.32, 37 a, 0.19, 37 a, 18690.68, 37 a, 0.42, 36 a, 64067.91, 36 a, 0.83, 52 d, FM-500-100-0.25-SAT-1.csv
